17 to 217,1
280 to 290,1
44 to 60,1
453 to 588,1
188 to 197,1
476 to 726,1
129 to 405,1
620 to 688,1
71 to 256,1
17 to 968,1
312 to 622,1
391 to 998,1
259 to 282,1
420 to 759,1
212 to 663,1
59 to 562,1
234 to 481,1
420 to 754,1
441 to 598,1
394 to 694,1
464 to 486,4
27 to 76,1
48 to 373,1
4 to 178,1
765 to 875,1
117 to 199,2
171 to 709,1
619 to 729,1
82 to 741,1
289 to 790,1
39 to 77,1
165 to 649,1
188 to 264,1
347 to 548,1
317 to 855,1
40 to 462,1
449 to 587,1
143 to 830,1
507 to 769,2
626 to 789,1
475 to 569,1
80 to 154,1
43 to 283,1
225 to 784,1
449 to 748,2
374 to 556,1
508 to 829,1
401 to 650,4
72 to 913,1
412 to 663,1
173 to 613,1
372 to 534,2
173 to 617,1
250 to 508,1
14 to 38,1
38 to 92,1
620 to 662,1
3 to 207,1
543 to 973,1
112 to 877,1
428 to 913,1
3 to 74,1
3 to 77,2
201 to 521,1
78 to 234,1
116 to 727,1
40 to 156,1
32 to 51,1
27 to 198,1
55 to 246,1
312 to 957,1
137 to 178,1
244 to 513,1
505 to 614,1
2 to 94,1
307 to 508,1
143 to 302,1
381 to 827,1
264 to 680,1
681 to 683,3
119 to 458,1
350 to 477,1
233 to 433,1
61 to 151,1
660 to 916,1
23 to 76,1
593 to 761,1
322 to 825,1
249 to 274,1
34 to 755,1
448 to 736,1
110 to 298,1
332 to 491,1
39 to 381,1
323 to 368,1
543 to 779,1
493 to 682,1
330 to 801,1
493 to 680,1
356 to 681,1
356 to 683,1
302 to 795,1
19 to 208,1
376 to 552,2
145 to 197,1
498 to 994,1
500 to 746,1
353 to 622,1
294 to 526,1
500 to 748,1
760 to 963,1
849 to 947,2
147 to 409,1
636 to 677,1
451 to 459,1
17 to 449,1
308 to 583,1
680 to 761,1
321 to 713,1
613 to 959,1
674 to 945,2
220 to 409,1
694 to 858,1
475 to 824,1
521 to 627,1
10 to 21,1
402 to 576,1
10 to 26,1
277 to 779,1
183 to 552,1
138 to 777,1
494 to 559,1
578 to 593,1
578 to 596,1
12 to 204,2
95 to 471,1
13 to 463,1
132 to 529,1
315 to 859,1
76 to 350,1
422 to 481,1
57 to 178,1
723 to 748,1
76 to 198,1
282 to 946,1
120 to 237,1
201 to 287,1
349 to 448,1
82 to 126,1
723 to 746,1
298 to 355,1
69 to 628,1
219 to 618,1
161 to 178,1
255 to 291,1
138 to 398,1
264 to 632,1
389 to 995,1
168 to 811,1
34 to 94,1
553 to 677,1
430 to 534,1
592 to 619,1
208 to 581,1
150 to 183,1
9 to 895,1
408 to 768,1
68 to 154,1
158 to 677,1
4 to 213,1
325 to 990,1
234 to 327,1
10 to 405,1
325 to 339,1
290 to 818,1
210 to 626,2
128 to 593,1
364 to 453,1
2 to 213,1
261 to 295,1
107 to 666,1
127 to 695,1
14 to 213,1
335 to 833,1
77 to 233,1
58 to 250,1
619 to 732,1
461 to 666,1
557 to 852,1
381 to 569,1
224 to 429,1
176 to 850,1
162 to 590,1
265 to 557,1
336 to 971,1
17 to 159,1
158 to 323,1
119 to 204,1
96 to 258,1
300 to 751,1
108 to 416,1
48 to 414,1
137 to 478,1
654 to 762,1
762 to 924,1
253 to 279,1
425 to 548,1
378 to 721,1
86 to 334,1
49 to 341,1
130 to 506,1
358 to 460,1
194 to 934,1
400 to 892,1
29 to 228,1
110 to 463,1
337 to 662,1
373 to 425,2
692 to 916,1
367 to 768,1
205 to 376,1
22 to 110,1
458 to 541,1
840 to 864,2
166 to 906,1
235 to 578,1
624 to 997,1
246 to 620,1
246 to 623,1
317 to 450,1
343 to 915,1
637 to 648,1
677 to 898,1
73 to 224,1
211 to 512,1
197 to 613,1
493 to 761,1
219 to 294,2
391 to 505,1
53 to 669,1
350 to 397,1
414 to 476,1
721 to 946,1
78 to 117,1
110 to 598,1
333 to 357,1
357 to 449,1
357 to 768,1
246 to 752,1
610 to 851,1
342 to 918,1
169 to 534,2
3 to 41,2
141 to 160,1
246 to 282,1
312 to 769,1
201 to 707,1
322 to 839,1
170 to 324,1
305 to 422,1
312 to 582,1
367 to 610,1
74 to 176,1
326 to 895,1
23 to 81,1
400 to 639,1
187 to 526,1
439 to 562,1
233 to 596,1
18 to 188,1
439 to 561,3
56 to 403,2
18 to 742,1
118 to 163,1
481 to 824,1
319 to 410,1
118 to 169,1
50 to 92,1
540 to 779,1
303 to 900,1
463 to 663,1
26 to 32,1
357 to 692,1
235 to 593,1
597 to 951,1
65 to 449,1
19 to 549,1
308 to 482,1
578 to 693,1
160 to 531,1
622 to 898,1
432 to 814,1
582 to 957,3
204 to 498,1
219 to 279,1
72 to 311,1
187 to 239,1
235 to 332,1
113 to 178,1
215 to 653,1
44 to 266,1
39 to 376,1
674 to 726,1
58 to 137,1
120 to 404,1
159 to 323,1
39 to 172,1
213 to 312,1
160 to 407,1
643 to 922,1
498 to 570,1
686 to 711,1
507 to 715,1
247 to 590,1
564 to 728,1
33 to 252,1
44 to 463,1
351 to 388,1
142 to 221,1
53 to 508,1
23 to 145,1
720 to 937,1
8 to 35,1
443 to 891,1
155 to 718,1
158 to 882,2
175 to 264,1
168 to 793,1
115 to 219,1
159 to 809,1
64 to 78,1
423 to 439,1
3 to 174,2
298 to 341,1
788 to 936,1
234 to 550,1
286 to 475,1
418 to 534,1
41 to 668,1
156 to 264,1
132 to 449,1
284 to 871,1
208 to 779,1
12 to 103,1
113 to 226,1
132 to 520,1
459 to 798,1
297 to 804,1
7 to 147,1
184 to 617,1
50 to 477,1
453 to 696,1
321 to 925,1
228 to 418,1
203 to 302,1
130 to 186,1
18 to 476,1
4 to 207,1
206 to 405,2
790 to 858,1
184 to 296,1
43 to 357,1
821 to 856,1
490 to 548,1
395 to 521,1
150 to 330,1
182 to 634,2
71 to 587,1
304 to 990,1
194 to 252,1
9 to 221,1
43 to 829,1
104 to 174,1
2 to 198,1
538 to 712,1
226 to 946,1
33 to 71,1
230 to 959,1
23 to 116,1
39 to 103,1
507 to 746,1
200 to 518,1
219 to 265,2
385 to 720,1
86 to 493,1
17 to 416,1
7 to 360,1
203 to 679,1
512 to 620,1
92 to 296,1
94 to 918,1
49 to 376,1
49 to 374,1
244 to 668,1
393 to 569,1
121 to 569,1
194 to 416,1
80 to 824,1
620 to 861,1
4 to 155,1
431 to 825,1
70 to 392,1
14 to 18,1
337 to 522,1
637 to 746,1
92 to 278,1
435 to 891,1
147 to 360,1
441 to 623,1
250 to 373,2
84 to 542,1
312 to 374,1
29 to 61,1
401 to 524,1
427 to 557,1
71 to 562,1
2 to 145,1
507 to 638,1
347 to 861,1
50 to 266,1
229 to 425,1
367 to 971,1
200 to 404,1
482 to 583,1
57 to 827,1
759 to 844,1
222 to 319,1
169 to 814,1
11 to 29,1
152 to 769,1
43 to 88,1
384 to 699,1
570 to 648,1
40 to 443,1
149 to 168,1
61 to 350,1
866 to 945,1
149 to 160,2
67 to 785,1
352 to 910,1
543 to 593,1
543 to 598,1
197 to 264,1
54 to 779,1
522 to 649,1
500 to 617,1
785 to 916,1
636 to 813,1
123 to 815,1
748 to 990,1
398 to 461,1
410 to 663,1
598 to 850,1
634 to 843,1
31 to 41,1
183 to 485,1
183 to 376,1
115 to 680,1
425 to 973,1
116 to 221,1
238 to 404,3
113 to 762,1
496 to 674,1
65 to 235,1
914 to 999,2
113 to 169,1
384 to 504,1
384 to 851,1
430 to 472,1
383 to 556,1
35 to 542,1
142 to 528,1
262 to 425,1
115 to 425,1
649 to 779,4
303 to 464,2
531 to 616,1
565 to 973,1
115 to 197,1
158 to 274,1
15 to 47,1
277 to 793,1
489 to 945,1
35 to 145,1
21 to 277,1
837 to 998,1
238 to 711,4
13 to 409,1
500 to 764,1
49 to 416,1
8 to 23,1
175 to 273,1
39 to 727,1
188 to 476,1
136 to 307,1
283 to 334,1
196 to 759,1
36 to 294,1
173 to 357,1
115 to 229,1
486 to 567,1
234 to 789,1
228 to 312,2
279 to 621,1
206 to 327,1
286 to 462,1
268 to 818,1
266 to 383,1
69 to 339,1
36 to 748,1
364 to 500,1
41 to 228,1
103 to 171,1
130 to 354,1
58 to 306,2
149 to 779,1
130 to 352,1
246 to 288,1
332 to 829,1
99 to 116,1
103 to 174,1
234 to 307,1
164 to 702,1
55 to 859,1
81 to 197,1
168 to 272,1
117 to 809,1
605 to 970,1
35 to 321,1
385 to 605,1
4 to 411,1
265 to 442,1
468 to 557,1
23 to 821,1
652 to 883,1
108 to 257,1
163 to 379,1
335 to 814,2
28 to 321,1
557 to 877,1
255 to 817,1
176 to 411,2
8 to 508,1
60 to 116,1
60 to 115,1
674 to 866,1
100 to 381,1
70 to 305,1
385 to 914,2
59 to 205,1
726 to 858,1
58 to 508,1
22 to 352,1
223 to 350,1
22 to 282,1
124 to 404,1
350 to 371,1
7 to 350,1
39 to 264,1
137 to 637,1
11 to 531,1
384 to 696,1
228 to 623,1
15 to 112,1
15 to 115,1
325 to 718,2
626 to 660,1
284 to 461,1
173 to 465,1
116 to 597,1
250 to 425,1
107 to 132,2
74 to 843,1
43 to 124,1
155 to 973,1
400 to 980,1
19 to 338,1
775 to 976,1
186 to 402,1
562 to 607,1
207 to 232,1
527 to 755,1
27 to 285,1
103 to 128,1
215 to 416,1
550 to 843,1
493 to 549,1
200 to 230,1
71 to 886,2
529 to 978,1
442 to 459,1
352 to 453,1
274 to 773,1
337 to 649,1
918 to 927,1
197 to 291,1
110 to 441,1
274 to 917,1
918 to 951,1
305 to 392,1
428 to 709,1
352 to 926,1
489 to 500,1
178 to 325,1
860 to 926,2
809 to 834,2
60 to 76,1
54 to 165,1
439 to 546,1
20 to 31,1
474 to 789,1
36 to 69,1
534 to 548,1
502 to 552,1
119 to 711,1
139 to 650,1
118 to 692,2
350 to 494,1
607 to 674,1
110 to 623,1
41 to 107,1
186 to 578,1
450 to 649,1
109 to 799,1
243 to 639,1
730 to 852,1
19 to 763,1
186 to 372,1
27 to 35,1
27 to 34,1
31 to 119,1
11 to 206,1
230 to 512,1
115 to 986,1
118 to 520,1
226 to 282,1
49 to 556,1
384 to 534,1
312 to 636,1
23 to 27,1
67 to 200,1
409 to 746,1
115 to 433,1
322 to 963,1
159 to 777,1
19 to 103,1
119 to 258,1
131 to 312,2
595 to 830,1
213 to 669,1
829 to 843,1
230 to 518,1
423 to 596,1
393 to 824,1
500 to 797,1
65 to 880,1
95 to 449,1
451 to 795,1
534 to 724,1
18 to 61,2
316 to 526,1
235 to 354,1
8 to 15,1
65 to 475,1
173 to 347,1
95 to 843,1
64 to 92,1
416 to 653,1
486 to 571,1
270 to 669,1
19 to 617,1
97 to 449,1
289 to 506,1
51 to 250,1
31 to 542,1
9 to 68,1
248 to 696,1
69 to 325,1
1 to 6,1
335 to 559,1
1 to 2,1
5 to 934,1
449 to 856,1
204 to 384,1
525 to 669,1
200 to 255,1
266 to 378,1
678 to 686,1
68 to 104,1
130 to 160,1
235 to 286,1
82 to 643,1
164 to 268,1
133 to 582,1
624 to 653,1
41 to 300,1
404 to 711,1
297 to 918,1
195 to 922,1
368 to 746,1
41 to 48,1
559 to 827,1
6 to 213,1
104 to 154,1
563 to 577,1
259 to 802,1
4 to 318,1
34 to 48,1
211 to 386,2
592 to 813,1
17 to 184,1
73 to 475,1
1 to 198,2
39 to 96,1
325 to 653,1
80 to 110,1
596 to 916,1
119 to 238,1
174 to 277,2
17 to 433,1
439 to 978,1
174 to 270,1
234 to 992,1
530 to 915,1
211 to 473,1
783 to 809,1
9 to 116,1
592 to 726,2
508 to 795,1
130 to 389,1
11 to 542,2
137 to 481,1
125 to 269,1
96 to 197,1
143 to 278,1
96 to 199,1
119 to 524,1
418 to 952,1
66 to 617,1
449 to 632,1
47 to 463,1
117 to 561,1
583 to 706,1
168 to 279,1
368 to 561,1
107 to 414,1
64 to 383,1
526 to 784,1
5 to 49,1
38 to 707,1
133 to 168,1
185 to 298,1
745 to 822,1
414 to 997,1
280 to 420,1
52 to 456,1
174 to 296,1
287 to 945,2
310 to 388,1
230 to 759,1
349 to 889,1
357 to 736,1
12 to 55,1
371 to 481,1
147 to 742,1
492 to 621,1
372 to 760,1
16 to 174,1
25 to 618,1
49 to 165,1
141 to 155,1
465 to 575,1
287 to 543,1
367 to 752,1
207 to 337,2
679 to 784,1
70 to 577,1
353 to 898,1
33 to 256,1
288 to 388,1
302 to 595,1
718 to 973,1
110 to 769,1
178 to 336,1
323 to 611,1
15 to 36,1
509 to 725,1
73 to 121,1
57 to 232,1
96 to 173,1
394 to 813,2
595 to 751,1
469 to 765,1
312 to 910,1
819 to 968,1
201 to 627,1
110 to 161,1
398 to 409,1
160 to 389,1
410 to 448,1
304 to 526,1
357 to 394,1
342 to 650,1
13 to 266,1
67 to 215,1
2 to 76,3
721 to 999,1
23 to 33,1
79 to 775,1
406 to 971,1
153 to 708,2
38 to 274,1
541 to 856,1
159 to 764,1
141 to 973,1
294 to 412,1
97 to 617,1
229 to 600,2
402 to 534,1
257 to 764,1
379 to 960,1
694 to 818,1
19 to 119,1
260 to 654,1
323 to 433,1
113 to 325,1
555 to 577,1
577 to 581,1
213 to 717,1
308 to 963,1
535 to 552,1
243 to 607,1
76 to 397,1
555 to 759,1
233 to 651,1
39 to 49,1
407 to 831,1
64 to 82,1
64 to 81,1
311 to 557,1
1 to 12,1
360 to 887,1
248 to 352,1
332 to 593,1
418 to 543,1
53 to 391,1
4 to 6,1
294 to 784,1
548 to 696,1
548 to 694,1
41 to 205,1
35 to 450,1
777 to 826,1
9 to 326,1
26 to 317,1
184 to 311,1
55 to 836,1
149 to 557,1
13 to 281,1
404 to 543,1
746 to 909,1
265 to 919,1
153 to 528,1
449 to 994,1
206 to 290,1
17 to 336,1
297 to 438,1
133 to 551,1
685 to 769,1
261 to 391,1
340 to 474,1
412 to 706,1
194 to 262,1
71 to 373,1
176 to 472,1
176 to 473,1
631 to 819,1
433 to 578,1
184 to 793,1
33 to 886,1
385 to 937,1
59 to 225,1
129 to 787,1
188 to 742,1
4 to 323,1
496 to 677,1
204 to 611,1
408 to 858,1
39 to 82,1
883 to 928,1
117 to 171,1
468 to 886,1
171 to 611,1
504 to 754,1
185 to 389,1
9 to 103,1
376 to 594,2
783 to 834,1
666 to 670,1
329 to 453,1
767 to 949,1
185 to 474,1
211 to 266,1
639 to 840,1
391 to 927,1
242 to 325,1
210 to 453,1
503 to 648,1
78 to 249,1
368 to 559,1
223 to 240,1
200 to 215,1
512 to 706,1
204 to 508,1
147 to 173,1
205 to 759,2
614 to 811,1
507 to 644,1
205 to 249,6
237 to 453,1
493 to 524,1
152 to 397,1
64 to 379,1
12 to 64,1
62 to 277,1
143 to 595,1
49 to 152,1
537 to 662,1
384 to 426,1
327 to 727,1
327 to 724,1
422 to 787,1
86 to 116,1
182 to 192,3
86 to 119,1
207 to 323,1
347 to 980,1
169 to 604,1
326 to 582,1
31 to 97,1
293 to 410,1
338 to 432,1
15 to 21,1
342 to 713,1
15 to 23,2
326 to 347,2
15 to 27,1
128 to 450,1
143 to 730,1
197 to 258,1
734 to 751,1
23 to 727,1
67 to 680,1
305 to 779,1
66 to 173,1
700 to 999,1
215 to 508,1
8 to 373,1
451 to 518,1
88 to 285,1
553 to 941,1
347 to 613,1
588 to 648,1
213 to 266,1
637 to 918,1
160 to 575,1
110 to 178,1
502 to 590,1
249 to 552,2
534 to 581,1
215 to 292,1
448 to 541,2
289 to 476,1
285 to 966,1
243 to 296,1
27 to 51,2
178 to 298,1
317 to 360,1
32 to 156,1
372 to 395,1
124 to 238,1
546 to 800,1
12 to 88,1
311 to 826,1
115 to 748,1
12 to 81,1
380 to 674,1
663 to 830,1
688 to 802,1
159 to 756,1
28 to 498,1
10 to 74,1
100 to 922,1
246 to 859,1
74 to 196,1
330 to 512,1
177 to 700,1
353 to 426,1
321 to 450,1
598 to 823,1
175 to 224,2
53 to 233,2
602 to 949,1
310 to 577,1
164 to 444,1
115 to 253,1
1 to 20,1
289 to 521,1
325 to 811,1
149 to 423,1
322 to 507,1
183 to 433,1
489 to 866,2
213 to 282,2
423 to 489,1
56 to 174,1
253 to 484,1
283 to 829,1
50 to 212,1
50 to 213,1
238 to 838,1
35 to 444,1
476 to 742,1
81 to 258,1
273 to 619,1
62 to 475,1
818 to 946,1
204 to 562,1
423 to 623,1
542 to 740,1
850 to 891,1
228 to 451,1
4 to 77,1
632 to 994,1
123 to 150,1
322 to 431,1
156 to 357,1
36 to 489,1
315 to 539,1
100 to 745,1
744 to 983,1
376 to 459,2
199 to 603,1
174 to 414,1
297 to 934,1
7 to 742,1
817 to 851,1
195 to 766,1
168 to 954,1
903 to 974,1
512 to 833,1
77 to 178,1
129 to 827,1
77 to 174,2
164 to 626,1
35 to 998,1
4 to 337,1
562 to 651,1
168 to 537,1
418 to 754,1
47 to 294,2
32 to 813,1
130 to 926,1
99 to 472,1
142 to 271,1
174 to 524,1
7 to 327,1
116 to 472,1
844 to 987,1
49 to 332,1
314 to 674,1
49 to 336,1
282 to 463,1
456 to 473,1
446 to 496,1
255 to 919,1
58 to 531,1
129 to 482,1
271 to 308,1
108 to 599,1
541 to 663,1
170 to 607,1
58 to 459,1
418 to 973,1
470 to 613,1
58 to 451,1
7 to 250,1
147 to 294,1
549 to 682,1
412 to 512,1
593 to 999,1
127 to 629,1
127 to 628,1
143 to 852,1
170 to 284,1
77 to 595,1
487 to 849,1
60 to 508,1
64 to 186,1
94 to 265,1
94 to 262,1
52 to 675,1
49 to 142,1
719 to 885,1
57 to 861,1
64 to 341,1
449 to 500,1
482 to 706,1
288 to 899,1
368 to 439,1
329 to 694,1
384 to 430,1
419 to 856,2
306 to 402,1
265 to 315,1
229 to 262,1
197 to 409,1
427 to 468,1
133 to 149,1
137 to 844,1
474 to 916,1
456 to 706,1
61 to 397,1
582 to 610,1
110 to 983,1
256 to 886,1
129 to 391,1
95 to 632,1
95 to 634,2
122 to 269,1
333 to 544,1
26 to 65,1
885 to 941,1
107 to 211,1
432 to 453,1
47 to 112,1
110 to 185,1
60 to 187,1
500 to 945,2
439 to 628,1
183 to 605,1
27 to 69,1
54 to 649,1
353 to 960,1
7 to 51,1
52 to 493,1
380 to 592,1
7 to 59,1
72 to 184,1
597 to 694,1
597 to 877,1
380 to 607,1
523 to 987,1
110 to 744,1
411 to 850,1
4 to 88,1
426 to 699,1
4 to 81,1
285 to 900,1
4 to 84,1
112 to 149,1
720 to 787,1
582 to 837,1
65 to 569,1
177 to 318,1
329 to 818,1
288 to 315,1
128 to 332,1
569 to 827,1
321 to 444,1
262 to 265,1
132 to 163,1
388 to 923,1
48 to 266,1
145 to 821,1
26 to 532,1
36 to 253,1
1 to 34,1
459 to 637,1
13 to 371,1
283 to 378,1
115 to 262,1
177 to 285,1
383 to 443,1
608 to 992,1
19 to 624,1
39 to 219,1
132 to 473,1
31 to 123,1
53 to 77,1
332 to 578,1
266 to 695,1
558 to 614,1
419 to 587,1
53 to 648,1
163 to 558,1
14 to 217,1
13 to 204,1
540 to 875,1
549 to 864,1
339 to 628,1
432 to 873,1
26 to 155,1
756 to 762,1
266 to 321,1
12 to 196,1
28 to 266,1
153 to 503,1
226 to 754,1
416 to 750,1
126 to 946,1
925 to 960,1
305 to 833,1
660 to 825,1
69 to 200,1
57 to 259,2
10 to 112,1
212 to 412,2
376 to 442,2
245 to 736,1
286 to 824,1
174 to 403,1
816 to 821,1
243 to 998,1
203 to 215,1
77 to 235,1
559 to 814,1
8 to 542,1
220 to 643,1
361 to 385,1
322 to 746,1
13 to 398,1
162 to 531,1
699 to 851,1
77 to 104,1
584 to 686,2
77 to 103,2
213 to 418,2
1 to 245,1
199 to 768,1
219 to 648,2
462 to 809,1
317 to 823,1
80 to 412,1
7 to 640,1
334 to 491,2
17 to 92,1
221 to 375,1
210 to 798,1
210 to 793,1
767 to 967,1
51 to 107,1
184 to 441,1
123 to 673,1
3 to 277,1
211 to 246,1
282 to 418,1
894 to 906,2
112 to 557,1
212 to 569,1
359 to 502,1
496 to 636,1
196 to 448,2
133 to 837,1
371 to 542,1
300 to 602,1
14 to 81,1
284 to 425,1
401 to 559,1
25 to 806,1
481 to 787,1
233 to 578,1
58 to 425,1
171 to 561,1
371 to 824,1
172 to 418,1
107 to 174,1
417 to 958,1
202 to 634,1
270 to 618,1
137 to 212,1
41 to 68,1
258 to 749,1
843 to 899,1
575 to 937,1
728 to 868,1
22 to 534,1
617 to 624,1
88 to 177,1
139 to 439,1
179 to 198,1
400 to 473,1
291 to 401,1
820 to 926,1
22 to 65,1
7 to 274,1
6 to 17,1
274 to 798,1
20 to 72,1
131 to 227,1
233 to 537,2
481 to 550,1
481 to 555,1
41 to 355,1
414 to 524,1
84 to 266,1
662 to 855,1
124 to 439,1
48 to 727,1
474 to 618,1
13 to 60,1
53 to 833,1
273 to 388,1
610 to 801,1
610 to 925,1
179 to 376,1
529 to 822,1
126 to 203,1
176 to 215,1
131 to 132,1
304 to 571,1
581 to 851,1
249 to 376,1
304 to 578,1
31 to 927,1
350 to 558,1
6 to 449,1
534 to 696,1
193 to 540,1
398 to 636,1
700 to 722,1
155 to 325,1
39 to 115,1
39 to 116,1
411 to 843,1
243 to 562,1
127 to 186,1
838 to 926,1
40 to 997,1
268 to 571,1
436 to 483,2
177 to 274,1
11 to 371,1
132 to 173,1
95 to 407,1
219 to 360,1
356 to 435,1
128 to 321,1
380 to 925,1
321 to 479,1
3 to 640,1
310 to 555,1
321 to 652,1
380 to 571,1
756 to 880,1
410 to 541,1
419 to 449,1
349 to 699,2
53 to 60,1
264 to 649,1
113 to 242,1
269 to 325,1
44 to 577,1
142 to 597,1
712 to 724,1
735 to 830,1
262 to 323,1
616 to 717,1
27 to 94,1
106 to 220,1
335 to 735,1
57 to 336,1
158 to 959,1
204 to 504,1
13 to 727,1
314 to 481,1
466 to 660,1
281 to 779,1
228 to 476,1
120 to 336,1
772 to 909,1
182 to 537,1
541 to 888,1
156 to 378,1
4 to 54,1
69 to 185,1
208 to 400,1
156 to 376,1
220 to 925,1
827 to 861,1
53 to 219,1
459 to 622,1
27 to 36,1
622 to 960,2
452 to 639,1
59 to 587,1
155 to 386,1
81 to 123,1
4 to 283,1
512 to 582,1
559 to 861,3
194 to 239,1
77 to 283,1
63 to 648,1
378 to 999,1
271 to 789,1
321 to 891,1
815 to 874,1
210 to 947,1
284 to 706,1
224 to 452,2
361 to 809,2
106 to 409,1
649 to 883,1
107 to 744,1
96 to 281,1
400 to 862,1
176 to 530,1
616 to 880,1
666 to 680,1
176 to 843,1
173 to 459,1
726 to 874,1
446 to 677,1
9 to 182,1
116 to 527,1
357 to 459,1
51 to 97,2
137 to 228,1
330 to 719,1
455 to 821,1
128 to 578,1
172 to 397,1
194 to 782,1
149 to 877,1
205 to 271,1
287 to 674,1
125 to 179,6
18 to 444,1
799 to 832,1
48 to 137,1
125 to 376,1
171 to 425,1
166 to 513,1
307 to 375,1
86 to 145,1
401 to 439,1
11 to 84,2
107 to 524,1
141 to 425,1
358 to 419,1
291 to 439,1
205 to 308,1
86 to 381,1
439 to 998,1
6 to 104,1
211 to 699,1
717 to 756,1
21 to 81,2
15 to 76,1
898 to 953,1
336 to 416,1
222 to 718,1
207 to 649,1
34 to 680,1
119 to 194,1
567 to 571,2
92 to 217,1
78 to 294,1
13 to 55,1
588 to 637,2
274 to 302,1
442 to 579,1
675 to 824,1
169 to 432,2
351 to 413,1
871 to 882,1
492 to 887,1
33 to 323,1
338 to 578,1
198 to 419,1
304 to 567,1
373 to 611,1
563 to 762,1
46 to 397,1
237 to 315,2
643 to 741,1
215 to 373,1
253 to 603,1
251 to 971,1
251 to 977,1
258 to 489,1
166 to 886,1
367 to 662,1
829 to 899,1
541 to 635,1
97 to 125,1
127 to 190,1
74 to 411,1
462 to 793,1
210 to 746,1
100 to 822,1
352 to 991,1
836 to 924,1
159 to 433,1
220 to 398,1
63 to 491,1
630 to 875,1
452 to 553,1
541 to 740,1
95 to 182,1
198 to 745,1
383 to 465,1
688 to 924,1
82 to 322,1
617 to 986,1
13 to 481,1
247 to 296,1
430 to 543,1
429 to 452,1
315 to 616,1
450 to 855,2
51 to 449,1
238 to 644,1
168 to 433,1
371 to 618,1
132 to 613,1
53 to 373,1
26 to 357,1
596 to 616,1
423 to 616,1
692 to 834,2
332 to 887,1
328 to 483,1
68 to 397,1
660 to 683,1
44 to 383,1
69 to 736,1
746 to 748,2
559 to 650,1
518 to 959,1
749 to 871,1
173 to 679,1
325 to 356,1
14 to 296,1
81 to 116,1
528 to 708,1
452 to 603,1
53 to 974,1
194 to 223,1
298 to 463,1
709 to 724,1
50 to 110,1
385 to 970,1
201 to 224,1
212 to 294,1
59 to 919,1
17 to 296,1
173 to 199,1
41 to 249,1
146 to 820,1
56 to 72,1
25 to 955,1
300 to 595,1
323 to 809,2
164 to 818,1
368 to 861,1
372 to 581,1
48 to 250,1
679 to 921,1
71 to 425,1
9 to 634,1
433 to 596,1
204 to 994,1
225 to 326,1
280 to 441,1
125 to 418,1
51 to 69,2
68 to 278,1
210 to 337,1
379 to 925,1
603 to 707,1
562 to 611,1
769 to 910,1
7 to 205,1
51 to 88,1
340 to 541,2
7 to 201,1
116 to 537,1
284 to 398,1
261 to 562,1
724 to 913,1
473 to 692,1
455 to 816,1
137 to 234,1
375 to 541,1
190 to 629,2
118 to 834,2
325 to 683,2
185 to 463,1
325 to 681,1
361 to 834,2
391 to 814,1
593 to 914,1
54 to 411,1
119 to 137,1
386 to 805,1
187 to 628,1
185 to 563,1
143 to 888,1
123 to 261,1
7 to 688,1
252 to 308,1
473 to 529,1
165 to 779,1
221 to 552,1
197 to 433,1
22 to 47,1
131 to 200,1
29 to 669,1
686 to 914,1
15 to 69,1
177 to 446,1
285 to 446,1
197 to 746,1
371 to 740,2
651 to 946,1
29 to 460,1
435 to 555,1
43 to 721,1
247 to 882,1
508 to 768,1
25 to 176,1
189 to 679,2
250 to 734,1
13 to 48,2
293 to 740,1
507 to 685,1
719 to 923,1
197 to 323,1
268 to 900,2
162 to 194,1
637 to 951,2
384 to 911,1
892 to 923,1
393 to 627,1
787 to 805,1
718 to 858,2
265 to 823,1
72 to 151,1
2 to 20,1
304 to 357,1
311 to 864,1
325 to 628,1
78 to 171,1
253 to 636,1
302 to 830,1
23 to 80,1
178 to 259,1
508 to 886,1
258 to 495,1
142 to 336,1
81 to 96,1
82 to 208,1
688 to 840,1
25 to 836,1
597 to 621,1
169 to 372,1
526 to 823,1
580 to 680,1
768 to 795,1
95 to 170,1
95 to 173,1
116 to 187,1
380 to 945,1
138 to 992,1
731 to 800,1
678 to 711,1
367 to 874,1
383 to 414,1
59 to 71,1
59 to 74,1
247 to 268,2
31 to 35,1
376 to 381,1
53 to 814,1
6 to 669,1
50 to 185,1
882 to 914,1
38 to 201,1
38 to 759,1
36 to 433,1
57 to 357,1
50 to 162,1
506 to 551,1
35 to 244,1
95 to 994,1
104 to 266,1
173 to 210,1
129 to 569,1
26 to 163,1
25 to 219,1
120 to 315,1
289 to 455,1
120 to 317,1
248 to 583,2
701 to 919,1
36 to 199,1
28 to 438,1
598 to 623,1
598 to 621,1
200 to 446,1
31 to 475,1
43 to 282,1
60 to 373,1
354 to 727,1
418 to 468,1
261 to 771,1
476 to 671,1
10 to 308,1
16 to 906,1
60 to 371,1
68 to 107,1
200 to 302,1
158 to 596,1
6 to 270,1
335 to 391,1
41 to 389,1
295 to 391,1
259 to 315,1
688 to 715,1
248 to 286,1
361 to 535,1
660 to 789,1
54 to 281,1
69 to 653,1
173 to 187,1
317 to 736,1
339 to 653,1
81 to 213,1
304 to 823,1
453 to 818,2
121 to 475,2
245 to 294,1
174 to 569,1
506 to 778,1
306 to 333,1
51 to 130,1
232 to 378,1
194 to 361,1
211 to 213,1
710 to 804,1
58 to 373,1
26 to 386,1
359 to 552,1
57 to 368,1
408 to 718,1
587 to 856,1
210 to 322,1
620 to 802,2
361 to 914,1
205 to 478,1
103 to 264,1
224 to 274,1
718 to 990,1
394 to 592,1
7 to 211,1
261 to 551,1
285 to 303,1
372 to 442,1
92 to 341,1
6 to 298,1
456 to 520,1
677 to 959,1
592 to 874,1
127 to 663,1
99 to 308,1
227 to 622,1
287 to 380,1
105 to 767,1
125 to 152,1
65 to 226,1
88 to 97,2
782 to 970,1
13 to 824,1
185 to 577,1
239 to 809,1
207 to 398,1
347 to 559,1
106 to 605,1
1 to 354,1
17 to 40,1
17 to 43,1
137 to 550,1
152 to 219,1
27 to 123,1
3 to 31,1
259 to 462,1
239 to 669,1
86 to 187,1
11 to 44,1
84 to 232,1
513 to 886,1
191 to 526,1
23 to 154,1
533 to 791,1
72 to 403,1
169 to 418,1
47 to 65,1
289 to 334,1
611 to 649,1
302 to 446,1
706 to 882,1
13 to 97,1
429 to 856,1
762 to 899,1
139 to 395,2
130 to 451,1
277 to 462,1
178 to 242,1
721 to 935,2
550 to 836,1
23 to 92,1
62 to 283,1
131 to 582,1
8 to 215,1
215 to 489,1
636 to 769,1
97 to 107,1
779 to 835,1
160 to 492,2
345 to 674,1
311 to 892,1
149 to 383,1
305 to 475,1
279 to 331,1
59 to 784,1
186 to 277,1
303 to 575,1
49 to 491,1
564 to 790,1
128 to 379,1
128 to 374,1
145 to 311,1
548 to 941,1
419 to 432,1
693 to 776,1
274 to 504,1
617 to 793,1
273 to 555,1
385 to 686,1
1 to 72,1
136 to 549,1
1 to 76,1
288 to 795,1
149 to 492,2
284 to 882,1
446 to 597,1
129 to 133,1
278 to 628,1
103 to 522,1
132 to 383,1
674 to 799,1
712 to 717,1
116 to 281,2
38 to 217,1
65 to 253,1
132 to 418,1
443 to 759,1
315 to 967,1
268 to 521,1
238 to 686,1
281 to 742,1
387 to 460,1
438 to 498,1
325 to 973,1
208 to 322,1
78 to 403,1
613 to 682,1
84 to 371,2
69 to 245,1
264 to 761,1
36 to 184,1
155 to 805,1
35 to 128,1
448 to 663,1
177 to 622,1
746 to 769,1
498 to 850,1
10 to 372,1
199 to 496,1
172 to 952,1
41 to 623,1
6 to 266,1
376 to 605,1
106 to 385,1
129 to 720,1
494 to 628,1
61 to 76,1
290 to 325,1
3 to 107,1
3 to 104,1
127 to 278,2
265 to 288,1
200 to 959,1
286 to 408,1
387 to 397,1
206 to 341,1
66 to 604,1
335 to 702,1
404 to 870,1
339 to 849,1
147 to 168,1
368 to 809,1
38 to 49,1
289 to 614,1
173 to 407,1
14 to 327,1
119 to 934,1
271 to 354,1
70 to 861,1
164 to 769,1
162 to 977,1
277 to 861,1
199 to 651,1
265 to 357,1
14 to 47,1
620 to 833,2
174 to 375,1
7 to 224,2
246 to 688,1
224 to 264,1
68 to 476,1
8 to 31,1
28 to 142,1
407 to 412,1
358 to 888,2
50 to 64,1
375 to 569,1
131 to 957,1
73 to 401,1
423 to 643,1
77 to 277,1
741 to 965,1
769 to 847,1
290 to 453,1
661 to 915,1
270 to 562,1
50 to 69,1
44 to 47,1
507 to 847,1
125 to 322,1
579 to 603,1
307 to 327,1
36 to 285,1
86 to 176,1
401 to 669,1
187 to 885,1
394 to 636,1
70 to 124,1
194 to 277,1
152 to 205,1
513 to 870,1
425 to 508,1
15 to 199,1
17 to 38,1
105 to 170,1
717 to 724,1
15 to 81,2
21 to 405,1
898 to 960,1
337 to 620,1
342 to 951,1
229 to 526,1
65 to 132,1
207 to 636,1
123 to 330,1
203 to 398,1
250 to 280,1
246 to 668,3
62 to 162,1
125 to 442,1
706 to 871,1
8 to 115,1
8 to 116,1
8 to 110,1
239 to 270,1
439 to 471,1
507 to 533,1
47 to 74,1
40 to 305,1
462 to 632,1
179 to 442,1
439 to 650,1
196 to 431,1
279 to 494,1
207 to 522,1
373 to 886,2
307 to 555,1
346 to 387,1
72 to 170,1
110 to 228,1
86 to 200,1
331 to 769,1
169 to 194,1
203 to 701,1
581 to 927,1
355 to 668,1
74 to 136,1
240 to 371,1
604 to 693,1
581 to 928,1
323 to 337,1
99 to 826,1
178 to 341,1
428 to 762,1
65 to 644,1
116 to 168,1
335 to 432,1
259 to 616,1
70 to 475,1
115 to 617,1
685 to 847,1
449 to 746,1
398 to 701,1
155 to 215,1
392 to 475,1
136 to 885,1
201 to 522,1
534 to 744,1
296 to 304,1
317 to 357,1
19 to 504,1
436 to 757,1
552 to 605,1
78 to 561,1
46 to 68,1
60 to 824,1
268 to 882,1
849 to 976,1
21 to 213,2
120 to 971,1
53 to 149,1
94 to 448,1
129 to 381,1
616 to 756,1
238 to 678,1
10 to 99,1
19 to 188,1
72 to 607,1
19 to 186,1
763 to 911,1
303 to 571,1
787 to 976,1
89 to 203,1
453 to 946,1
453 to 947,1
596 to 660,1
748 to 978,1
178 to 283,4
14 to 138,1
4 to 14,1
569 to 725,1
289 to 925,1
115 to 323,1
142 to 388,1
602 to 878,1
58 to 178,1
57 to 282,1
10 to 141,1
277 to 744,1
561 to 978,1
106 to 970,1
26 to 546,1
277 to 741,1
600 to 876,1
388 to 497,1
790 to 891,1
731 to 999,1
2 to 138,1
318 to 397,1
76 to 300,1
349 to 478,1
281 to 649,1
127 to 463,1
432 to 957,1
2 to 12,1
130 to 277,1
120 to 200,1
459 to 685,1
259 to 336,1
265 to 294,2
165 to 281,1
43 to 48,1
112 to 294,1
273 to 582,1
96 to 489,1
511 to 874,1
63 to 671,1
271 to 727,1
361 to 686,2
150 to 247,1
9 to 197,1
600 to 728,1
279 to 559,1
258 to 997,1
446 to 636,1
224 to 895,1
503 to 988,1
123 to 628,1
164 to 203,1
433 to 873,1
164 to 208,1
4 to 245,1
528 to 757,1
103 to 204,1
504 to 617,1
48 to 357,1
28 to 159,1
63 to 300,1
23 to 327,1
107 to 300,1
194 to 970,1
65 to 840,1
592 to 636,1
77 to 264,1
239 to 462,1
119 to 493,1
543 to 823,1
239 to 466,1
373 to 508,5
741 to 779,1
80 to 173,1
750 to 960,1
337 to 498,1
379 to 397,1
265 to 304,2
70 to 119,1
564 to 855,1
48 to 364,1
562 to 587,1
337 to 364,1
17 to 21,1
11 to 61,1
287 to 522,1
386 to 531,1
229 to 510,1
84 to 740,1
65 to 121,1
123 to 874,1
197 to 489,1
384 to 746,1
19 to 31,1
312 to 336,1
854 to 901,1
729 to 732,2
675 to 750,1
179 to 322,1
86 to 524,1
551 to 588,1
239 to 265,1
541 to 821,2
239 to 919,1
107 to 473,1
470 to 698,1
391 to 713,1
244 to 246,1
717 to 880,1
308 to 706,1
638 to 964,1
131 to 169,1
439 to 643,1
131 to 163,1
84 to 187,1
194 to 244,1
119 to 678,1
533 to 843,1
253 to 644,1
706 to 799,1
312 to 532,1
117 to 603,1
384 to 637,1
41 to 995,1
49 to 769,1
576 to 706,1
719 to 801,1
367 to 537,1
58 to 909,1
491 to 990,1
198 to 523,1
198 to 834,1
23 to 53,1
160 to 272,1
510 to 917,1
296 to 578,1
11 to 386,1
282 to 752,1
558 to 679,1
253 to 707,1
428 to 577,1
350 to 679,1
543 to 555,1
118 to 132,3
118 to 131,1
685 to 852,1
384 to 928,1
62 to 393,1
19 to 264,1
602 to 641,1
142 to 273,1
13 to 116,1
235 to 840,1
296 to 378,1
215 to 917,1
314 to 640,1
702 to 959,1
78 to 552,1
694 to 941,1
182 to 874,1
186 to 503,1
426 to 963,1
38 to 769,1
262 to 489,1
149 to 233,1
53 to 152,1
246 to 860,1
451 to 476,1
109 to 580,1
715 to 906,1
443 to 510,2
175 to 368,1
124 to 939,1
142 to 308,1
19 to 197,1
430 to 593,1
561 to 748,1
289 to 491,1
779 to 814,2
321 to 992,1
537 to 811,1
123 to 439,3
58 to 162,1
426 to 851,1
81 to 489,1
9 to 522,1
281 to 727,1
856 to 997,1
150 to 894,1
296 to 754,1
39 to 186,1
310 to 472,1
187 to 191,1
249 to 478,1
201 to 489,1
8 to 80,1
8 to 81,1
168 to 765,1
425 to 886,1
10 to 178,1
451 to 506,1
79 to 723,1
79 to 393,1
9 to 291,1
26 to 736,1
596 to 720,1
69 to 286,1
255 to 632,1
97 to 418,1
311 to 562,1
628 to 653,2
688 to 742,1
800 to 849,1
149 to 649,1
228 to 598,1
289 to 558,1
156 to 459,1
208 to 317,1
38 to 556,2
156 to 452,1
208 to 543,1
288 to 951,1
53 to 335,2
32 to 394,1
453 to 957,1
184 to 825,1
245 to 559,1
225 to 491,1
77 to 182,1
359 to 926,1
775 to 849,1
206 to 542,1
49 to 381,1
38 to 62,1
212 to 782,1
57 to 559,1
137 to 414,1
43 to 946,1
59 to 392,1
164 to 215,1
9 to 95,1
403 to 643,1
607 to 945,1
99 to 159,1
408 to 963,1
361 to 783,2
99 to 777,1
77 to 697,1
152 to 468,1
245 to 318,1
468 to 489,1
340 to 618,4
243 to 917,1
92 to 826,1
35 to 76,1
372 to 418,1
372 to 419,1
3 to 300,1
334 to 434,1
192 to 874,1
368 to 827,1
881 to 918,1
916 to 935,1
151 to 727,1
823 to 960,1
364 to 617,1
27 to 81,1
253 to 259,1
270 to 699,1
750 to 976,1
262 to 970,1
66 to 97,1
60 to 481,1
378 to 742,1
649 to 835,1
492 to 791,1
458 to 588,1
6 to 150,1
14 to 23,1
205 to 552,1
11 to 12,1
84 to 207,1
34 to 654,1
270 to 340,1
147 to 688,1
202 to 924,1
546 to 731,1
88 to 204,1
107 to 264,2
86 to 530,1
394 to 522,1
287 to 607,2
152 to 648,1
208 to 892,1
153 to 976,1
308 to 846,1
52 to 400,1
119 to 686,1
367 to 947,1
546 to 551,1
478 to 881,1
381 to 834,1
481 to 640,1
302 to 871,1
636 to 910,1
123 to 998,1
246 to 799,1
384 to 489,1
302 to 504,1
27 to 179,1
675 to 925,1
179 to 592,1
825 to 839,1
21 to 54,1
179 to 269,1
438 to 859,1
489 to 992,1
450 to 779,1
279 to 368,1
410 to 740,2
289 to 837,1
162 to 223,1
131 to 534,1
637 to 844,1
336 to 379,1
277 to 587,1
597 to 858,1
169 to 338,1
439 to 748,1
632 to 919,1
806 to 858,1
201 to 274,1
937 to 992,1
354 to 405,1
228 to 441,1
535 to 783,1
359 to 784,1
243 to 679,1
159 to 826,1
142 to 205,1
110 to 164,1
521 to 925,1
120 to 680,1
46 to 145,1
135 to 233,1
66 to 270,1
128 to 235,1
69 to 199,1
498 to 731,1
222 to 253,1
97 to 173,1
26 to 129,1
308 to 662,1
354 to 751,1
120 to 352,1
153 to 750,1
257 to 599,1
19 to 145,1
31 to 439,1
6 to 715,1
10 to 161,1
10 to 110,1
69 to 278,1
175 to 737,1
38 to 152,1
116 to 811,1
100 to 987,1
103 to 449,1
132 to 264,1
53 to 525,1
50 to 341,1
76 to 145,1
243 to 472,1
177 to 767,1
100 to 279,1
278 to 350,1
38 to 443,1
88 to 446,1
294 to 663,1
184 to 706,1
88 to 449,2
723 to 775,1
39 to 281,1
156 to 449,4
107 to 680,1
71 to 136,1
168 to 621,1
158 to 429,1
248 to 384,1
648 to 719,1
