1,1,0.02560279458123882,0.0,0,0.0,0.0
2,1,0.02560279458123882,0.0,0,0.0,0.0
3,1,0.02560279458123882,0.0,0,0.0,0.0
4,1,0.02560279458123882,0.0,0,0.0,0.0
5,1,0.02560279458123882,0.0,0,0.0,0.0
6,1,0.02560279458123882,0.0,0,0.0,0.0
7,2,0.5,0.0,0.3196581196581197,0.15982905982905984,0.3196581196581197
8,1,0.02560279458123882,0.0,0,0.0,0.0
9,2,1.0,0.0,0.9038461538461539,0.4519230769230769,0.9038461538461539
10,2,1.0,0.0,0.6153846153846154,0.3076923076923077,0.6153846153846154
11,3,1.3333333333333333,0.0,0.9230769230769231,0.6153846153846154,0.9230769230769231
12,1,0.02560279458123882,0.0,0,0.0,0.0
13,1,0.02560279458123882,0.0,0,0.0,0.0
14,1,0.02560279458123882,0.0,0,0.0,0.0
15,2,1.0,0.0,0.9230769230769231,0.46153846153846156,0.9230769230769231
16,1,1.3333333333333333,0.9230769230769231,0.9230769230769231,0.9230769230769231,0.9230769230769231
17,2,0.8,0.0,0.8974358974358974,0.4487179487179487,0.8974358974358974
18,2,1.0,0.0,0.6923076923076923,0.34615384615384615,0.6923076923076923
19,2,0.8333333333333334,0.0,0.4423076923076923,0.22115384615384615,0.4423076923076923
20,2,1.0,0.0,0.3076923076923077,0.15384615384615385,0.3076923076923077
21,2,1.0,0.0,0.5384615384615384,0.2692307692307692,0.5384615384615384
22,2,1.0,0.0,0.07692307692307693,0.038461538461538464,0.07692307692307693
23,1,0.02560279458123882,0.0,0,0.0,0.0
24,0,0,1,0,0,0
25,3,1.0,0.0,0.9230769230769231,0.46153846153846156,0.46153846153846156
26,1,0.02560279458123882,0.0,0,0.0,0.0
27,1,0.02560279458123882,0.0,0,0.0,0.0
28,2,0.3619047619047619,0.0,0.8441225441225443,0.42206127206127214,0.8441225441225443
29,1,1.3333333333333333,0.9230769230769231,0.9230769230769231,0.9230769230769231,0.9230769230769231
30,1,0.02560279458123882,0.0,0,0.0,0.0
31,1,0.02560279458123882,0.0,0,0.0,0.0
33,1,0.02560279458123882,0.0,0,0.0,0.0
34,1,0.02560279458123882,0.0,0,0.0,0.0
35,1,0.02560279458123882,0.0,0,0.0,0.0
36,1,0.02560279458123882,0.0,0,0.0,0.0
37,0,0,1,0,0,0
38,1,0.02560279458123882,0.0,0,0.0,0.0
39,1,0.02560279458123882,0.0,0,0.0,0.0
40,3,1.0,0.0,0.8974358974358974,0.452991452991453,0.46153846153846156
41,3,1.0,0.0,0.9230769230769231,0.358974358974359,0.9230769230769231
42,0,0,1,0,0,0
43,3,1.0,0.0,0.5076923076923077,0.32307692307692304,0.46153846153846156
44,1,0.02560279458123882,0.0,0,0.0,0.0
46,1,0.02560279458123882,0.0,0,0.0,0.0
47,2,1.0,0.0,0.9230769230769231,0.46153846153846156,0.9230769230769231
48,2,0.9,0.0,0.5076923076923077,0.25384615384615383,0.5076923076923077
49,3,1.0,0.0,0.9230769230769231,0.46153846153846156,0.9230769230769231
50,1,0.02560279458123882,0.0,0,0.0,0.0
51,1,0.02560279458123882,0.0,0,0.0,0.0
52,1,1.3333333333333333,0.38461538461538464,0.38461538461538464,0.38461538461538464,0.38461538461538464
53,1,0.02560279458123882,0.0,0,0.0,0.0
54,1,0.02560279458123882,0.0,0,0.0,0.0
55,3,1.3333333333333333,0.0,0,0.0,0.0
56,2,1.0,0.0,0.5384615384615384,0.2692307692307692,0.5384615384615384
57,1,0.02560279458123882,0.0,0,0.0,0.0
58,3,1.0,0.0,0.7692307692307693,0.25641025641025644,0.7692307692307693
59,4,1.0,0.0,0.9230769230769231,0.5336538461538463,0.3076923076923077
60,1,0.02560279458123882,0.0,0,0.0,0.0
61,2,1.3333333333333333,0.0,0.9230769230769231,0.46153846153846156,0.9230769230769231
62,3,1.0,0.0,0.9230769230769231,0.5384615384615384,0.9230769230769231
63,2,0.8,0.0,0.5846153846153845,0.29230769230769227,0.5846153846153845
64,1,0.02560279458123882,0.0,0,0.0,0.0
65,2,1.0,0.0,0,0.0,0.0
66,2,0.6,0.0,0.8392440892440894,0.4196220446220447,0.8392440892440894
67,1,1.0,0.15384615384615385,0.15384615384615385,0.15384615384615385,0.15384615384615385
68,1,0.02560279458123882,0.0,0,0.0,0.0
69,2,1.0,0.0,0.46153846153846156,0.23076923076923078,0.46153846153846156
70,3,1.0,0.0,0.9230769230769231,0.38461538461538464,0.9230769230769231
71,1,0.02560279458123882,0.0,0,0.0,0.0
72,3,1.0,0.0,0.07692307692307693,0.05128205128205129,0.07692307692307693
73,1,0.02560279458123882,0.0,0,0.0,0.0
74,2,0.8,0.0,0.8974358974358974,0.4487179487179487,0.8974358974358974
75,0,0,1,0,0,0
76,1,0.02560279458123882,0.0,0,0.0,0.0
77,2,1.0,0.0,0.6153846153846154,0.3076923076923077,0.6153846153846154
78,1,0.02560279458123882,0.0,0,0.0,0.0
79,1,1.0,0.15384615384615385,0.15384615384615385,0.15384615384615385,0.15384615384615385
80,1,0.02560279458123882,0.0,0,0.0,0.0
81,2,0.7142857142857143,0.0,0.17857142857142855,0.08928571428571427,0.17857142857142855
82,4,1.0,0.0,0.8634615384615384,0.4081730769230769,0.6153846153846154
84,1,0.02560279458123882,0.0,0,0.0,0.0
85,1,0.02560279458123882,0.0,0,0.0,0.0
86,3,1.0,0.0,0.5961538461538461,0.3269230769230769,0.38461538461538464
88,1,0.02560279458123882,0.0,0,0.0,0.0
89,1,0.02560279458123882,0.0,0,0.0,0.0
91,0,0,1,0,0,0
92,1,0.02560279458123882,0.0,0,0.0,0.0
94,1,0.02560279458123882,0.0,0,0.0,0.0
96,3,1.0,0.0,0.23076923076923078,0.13644688644688643,0.23076923076923078
97,1,0.02560279458123882,0.0,0,0.0,0.0
98,1,0.02560279458123882,0.0,0,0.0,0.0
99,1,0.02560279458123882,0.0,0,0.0,0.0
101,0,0,1,0,0,0
102,0,0,1,0,0,0
103,1,0.02560279458123882,0.0,0,0.0,0.0
104,1,0.02560279458123882,0.0,0,0.0,0.0
105,0,0,1,0,0,0
106,2,1.0,0.0,0.9038461538461539,0.4519230769230769,0.9038461538461539
107,1,0.02560279458123882,0.0,0,0.0,0.0
110,2,1.0,0.0,0.15384615384615385,0.07692307692307693,0.15384615384615385
112,1,0.02560279458123882,0.0,0,0.0,0.0
113,3,1.0,0.0,0.9038461538461539,0.40384615384615385,0.3076923076923077
114,0,0,1,0,0,0
115,2,1.0,0.0,0.28846153846153844,0.14423076923076922,0.28846153846153844
116,2,1.0,0.0,0.07692307692307693,0.038461538461538464,0.07692307692307693
117,2,1.3333333333333333,0.0,0.15384615384615385,0.07692307692307693,0.15384615384615385
118,1,0.02560279458123882,0.0,0,0.0,0.0
119,4,1.0,0.0,0.9038461538461539,0.4903846153846154,0.9038461538461539
120,3,1.1666666666666667,0.0,0.9038461538461539,0.4487179487179487,0.4423076923076923
121,2,1.0,0.0,0.9230769230769231,0.46153846153846156,0.9230769230769231
122,0,0,1,0,0,0
123,2,1.0,0.0,0.6923076923076923,0.34615384615384615,0.6923076923076923
124,2,1.0,0.0,0.9230769230769231,0.46153846153846156,0.9230769230769231
125,1,0.02560279458123882,0.0,0,0.0,0.0
126,1,0.02560279458123882,0.0,0,0.0,0.0
127,6,1.3333333333333333,0.0,0.9230769230769231,0.4348290598290598,0.15384615384615385
128,1,0.02560279458123882,0.0,0,0.0,0.0
129,3,1.0,0.0,0.9230769230769231,0.5434981684981685,0.9230769230769231
130,3,1.0,0.0,0.9038461538461539,0.5205128205128206,0.9038461538461539
131,1,0.02560279458123882,0.0,0,0.0,0.0
132,2,0.8333333333333334,0.0,0.15384615384615385,0.07692307692307693,0.15384615384615385
133,3,1.0,0.0,0.21153846153846154,0.1217948717948718,0.21153846153846154
134,0,0,1,0,0,0
135,0,0,1,0,0,0
136,1,0.02560279458123882,0.0,0,0.0,0.0
137,3,1.0,0.0,0.9166666666666666,0.3055555555555555,0.9166666666666666
138,3,1.0,0.0,0.5807692307692307,0.3730769230769231,0.5384615384615384
139,1,0.3619047619047619,0.8441225441225443,0.8441225441225443,0.8441225441225443,0.8441225441225443
140,0,0,1,0,0,0
141,1,0.02560279458123882,0.0,0,0.0,0.0
142,2,1.1666666666666667,0.0,0.4423076923076923,0.22115384615384615,0.4423076923076923
143,2,1.0,0.0,0.36538461538461536,0.18269230769230768,0.36538461538461536
144,0,0,1,0,0,0
145,2,1.0,0.0,0.9166666666666666,0.4583333333333333,0.9166666666666666
147,2,0.5,0.0,0.3196581196581197,0.15982905982905984,0.3196581196581197
148,0,0,1,0,0,0
149,2,0.8571428571428571,0.0,0.07692307692307693,0.038461538461538464,0.07692307692307693
150,1,0.02560279458123882,0.0,0,0.0,0.0
151,1,0.02560279458123882,0.0,0,0.0,0.0
152,1,0.02560279458123882,0.0,0,0.0,0.0
153,2,1.3333333333333333,0.23076923076923078,0.38461538461538464,0.3076923076923077,0.38461538461538464
154,1,0.02560279458123882,0.0,0,0.0,0.0
155,1,0.02560279458123882,0.0,0,0.0,0.0
156,2,1.0,0.0,0.6153846153846154,0.3076923076923077,0.6153846153846154
158,4,1.2,0.0,0.8392440892440894,0.4703879453879455,0.7346153846153847
159,1,0.02560279458123882,0.0,0,0.0,0.0
160,2,1.0,0.07692307692307693,0.9038461538461539,0.4903846153846154,0.9038461538461539
161,2,1.0,0.0,0.23076923076923078,0.11538461538461539,0.23076923076923078
162,2,1.0,0.0,0,0.0,0.0
163,2,0.8,0.0,0.8884615384615385,0.44423076923076926,0.8884615384615385
164,2,1.0,0.0,0.15384615384615385,0.07692307692307693,0.15384615384615385
165,2,1.0,0.0,0.46153846153846156,0.23076923076923078,0.46153846153846156
166,2,1.3333333333333333,0.07692307692307693,0.9166666666666666,0.4967948717948718,0.07692307692307693
167,0,0,1,0,0,0
168,2,1.0,0.0,0.3076923076923077,0.15384615384615385,0.3076923076923077
169,2,1.0,0.0,0.3076923076923077,0.15384615384615385,0.3076923076923077
170,2,1.0,0.0,0.07692307692307693,0.038461538461538464,0.07692307692307693
171,2,1.0,0.0,0.46153846153846156,0.23076923076923078,0.46153846153846156
172,1,0.02560279458123882,0.0,0,0.0,0.0
173,4,1.0,0.0,0.3076923076923077,0.17307692307692307,0.23076923076923078
174,2,1.3333333333333333,0.0,0.9230769230769231,0.46153846153846156,0.9230769230769231
175,1,0.02560279458123882,0.0,0,0.0,0.0
176,3,1.0,0.0,0.5961538461538461,0.3269230769230769,0.5961538461538461
178,1,0.02560279458123882,0.0,0,0.0,0.0
179,2,1.1666666666666667,0.0,0.9038461538461539,0.4519230769230769,0.9038461538461539
180,0,0,1,0,0,0
181,0,0,1,0,0,0
182,3,1.6666666666666667,0.0,0.5961538461538461,0.34615384615384615,0.4423076923076923
183,1,0.02560279458123882,0.0,0,0.0,0.0
184,4,1.0,0.0,0.3076923076923077,0.11538461538461539,0.07692307692307693
185,2,1.0,0.0,0.15384615384615385,0.07692307692307693,0.15384615384615385
186,2,1.0,0.0,0.15384615384615385,0.07692307692307693,0.15384615384615385
187,2,1.0,0.0,0.23076923076923078,0.11538461538461539,0.23076923076923078
188,5,1.1666666666666667,0.0,0.8634615384615384,0.5188461538461537,0.4423076923076923
189,1,1.0,0.5961538461538461,0.5961538461538461,0.5961538461538461,0.5961538461538461
191,5,1.0,0.0,0.8634615384615384,0.3573076923076923,0.07692307692307693
192,3,1.6666666666666667,0.0,0.5384615384615384,0.3269230769230769,0.4423076923076923
193,0,0,1,0,0,0
194,1,0.02560279458123882,0.0,0,0.0,0.0
195,1,1.0,0.9230769230769231,0.9230769230769231,0.9230769230769231,0.9230769230769231
196,1,0.02560279458123882,0.0,0,0.0,0.0
197,3,0.7142857142857143,0.0,0.8884615384615385,0.3556776556776557,0.17857142857142855
198,2,1.0,0.0,0.6923076923076923,0.34615384615384615,0.6923076923076923
199,4,1.3333333333333333,0.0,0.9230769230769231,0.326923076923077,0.15384615384615385
200,2,1.0,0.0,0.15384615384615385,0.07692307692307693,0.15384615384615385
201,4,1.0,0.0,0.9230769230769231,0.4807692307692308,0.9230769230769231
202,0,0,1,0,0,0
203,1,0.02560279458123882,0.0,0,0.0,0.0
204,5,1.0,0.0,0.9230769230769231,0.2423076923076923,0.07692307692307693
205,2,1.1666666666666667,0.0,0.4423076923076923,0.22115384615384615,0.4423076923076923
206,1,0.02560279458123882,0.0,0,0.0,0.0
207,2,1.0,0.0,0.9038461538461539,0.4519230769230769,0.9038461538461539
208,4,1.0,0.0,0.9230769230769231,0.5265491452991453,0.9230769230769231
209,0,0,1,0,0,0
210,2,1.0,0.0,0.6923076923076923,0.34615384615384615,0.6923076923076923
211,1,0.02560279458123882,0.0,0,0.0,0.0
212,1,1.1666666666666667,0.9230769230769231,0.9230769230769231,0.9230769230769231,0.9230769230769231
213,1,0.02560279458123882,0.0,0,0.0,0.0
214,1,1.0,0.9038461538461539,0.9038461538461539,0.9038461538461539,0.9038461538461539
215,3,1.0,0.0,0.5384615384615384,0.23076923076923078,0.5384615384615384
216,0,0,1,0,0,0
218,0,0,1,0,0,0
219,2,1.0,0.0,0.46153846153846156,0.23076923076923078,0.46153846153846156
220,1,0.02560279458123882,0.0,0,0.0,0.0
221,1,0.02560279458123882,0.0,0,0.0,0.0
222,1,0.8571428571428571,0.07692307692307693,0.07692307692307693,0.07692307692307693,0.07692307692307693
224,2,1.5,0.0,0.75,0.375,0.75
225,3,1.0,0.693956043956044,0.9230769230769231,0.8467032967032968,0.9230769230769231
226,2,1.0,0.0,0.3076923076923077,0.15384615384615385,0.3076923076923077
227,2,0.5,0.0,0.3196581196581197,0.15982905982905984,0.3196581196581197
228,1,0.02560279458123882,0.0,0,0.0,0.0
229,2,1.0,0.0,0.9230769230769231,0.46153846153846156,0.9230769230769231
230,1,0.02560279458123882,0.0,0,0.0,0.0
232,1,0.02560279458123882,0.0,0,0.0,0.0
233,2,1.0,0.0,0.8958333333333334,0.4479166666666667,0.8958333333333334
234,3,1.0,0.0,0.9230769230769231,0.3076923076923077,0.9230769230769231
235,2,1.0,0.0,0,0.0,0.0
236,0,0,1,0,0,0
237,1,1.1666666666666667,0.4423076923076923,0.4423076923076923,0.4423076923076923,0.4423076923076923
238,1,0.02560279458123882,0.0,0,0.0,0.0
239,3,1.0,0.0,0.15384615384615385,0.07692307692307693,0.07692307692307693
240,0,0,1,0,0,0
241,0,0,1,0,0,0
242,1,0.02560279458123882,0.0,0,0.0,0.0
243,3,1.3333333333333333,0.0,0.9230769230769231,0.532051282051282,0.9230769230769231
244,1,0.02560279458123882,0.0,0,0.0,0.0
246,5,1.0,0.0,0.9038461538461539,0.2969230769230769,0.9038461538461539
247,2,1.3333333333333333,0.0,0.5384615384615384,0.2692307692307692,0.5384615384615384
248,1,0.27205882352941174,0.31447963800904977,0.31447963800904977,0.31447963800904977,0.31447963800904977
249,1,0.02560279458123882,0.0,0,0.0,0.0
250,1,0.02560279458123882,0.0,0,0.0,0.0
251,0,0,1,0,0,0
252,2,1.5,0.0,0.75,0.375,0.75
253,2,1.0,0.0,0.46153846153846156,0.23076923076923078,0.46153846153846156
254,0,0,1,0,0,0
255,1,0.02560279458123882,0.0,0,0.0,0.0
256,1,0.02560279458123882,0.0,0,0.0,0.0
257,2,1.0,0.38461538461538464,0.9230769230769231,0.6538461538461539,0.38461538461538464
258,3,1.0,0.07692307692307693,0.46153846153846156,0.239010989010989,0.46153846153846156
259,2,1.0,0.0,0,0.0,0.0
261,3,0.8333333333333334,0.0,0.8974358974358974,0.3247863247863248,0.07692307692307693
262,2,0.7142857142857143,0.0,0.17857142857142855,0.08928571428571427,0.17857142857142855
263,0,0,1,0,0,0
264,1,0.02560279458123882,0.0,0,0.0,0.0
265,4,1.0,0.0,0.6576923076923078,0.3375,0.07692307692307693
266,2,0.5357142857142857,0.0,0.7074175824175823,0.3537087912087912,0.7074175824175823
267,0,0,1,0,0,0
268,2,1.3333333333333333,0.15384615384615385,0.5384615384615384,0.34615384615384615,0.5384615384615384
269,1,0.02560279458123882,0.0,0,0.0,0.0
270,3,1.3333333333333333,0.0,0.9166666666666666,0.4337606837606838,0.38461538461538464
271,3,1.1666666666666667,0.0,0.9166666666666666,0.45299145299145294,0.4423076923076923
272,2,1.0,0.07692307692307693,0.7692307692307693,0.42307692307692313,0.7692307692307693
273,3,1.0,0.0,0.9230769230769231,0.4125188536953243,0.9230769230769231
274,3,1.0,0.0,0.21153846153846154,0.09615384615384616,0.21153846153846154
276,0,0,1,0,0,0
277,3,1.0,0.0,0.6153846153846154,0.3076923076923077,0.3076923076923077
278,1,0.02560279458123882,0.0,0,0.0,0.0
279,4,1.0,0.0,0.9230769230769231,0.46153846153846156,0.3076923076923077
280,0,0,1,0,0,0
281,2,1.0,0.0,0.9230769230769231,0.46153846153846156,0.9230769230769231
282,3,1.0,0.0,0.9230769230769231,0.45,0.9230769230769231
283,2,1.0,0.0,0.46153846153846156,0.23076923076923078,0.46153846153846156
284,3,1.2,0.0,0.7346153846153847,0.35142450142450143,0.7346153846153847
285,3,1.0,0.0,0.5192307692307693,0.326923076923077,0.5192307692307693
286,6,1.0,0.0,0.9230769230769231,0.3344645550527904,0.6153846153846154
287,3,1.0,0.23076923076923078,0.9230769230769231,0.6239824989824989,0.9230769230769231
288,2,1.0,0.15384615384615385,0.6153846153846154,0.38461538461538464,0.15384615384615385
289,3,1.0,0.0,0.693956043956044,0.256959706959707,0.07692307692307693
290,3,1.6666666666666667,0.07692307692307693,0.8392440892440894,0.4102156013920721,0.07692307692307693
291,2,0.3619047619047619,0.0,0.8441225441225443,0.42206127206127214,0.8441225441225443
292,0,0,1,0,0,0
293,1,0.02560279458123882,0.0,0,0.0,0.0
294,3,1.1666666666666667,0.0,0.9230769230769231,0.4102564102564103,0.9230769230769231
296,3,1.3333333333333333,0.0,0.9230769230769231,0.33333333333333337,0.9230769230769231
297,4,1.0,0.5846153846153845,0.8441225441225443,0.6648767898767899,0.6153846153846154
298,1,0.02560279458123882,0.0,0,0.0,0.0
299,0,0,1,0,0,0
300,1,0.02560279458123882,0.0,0,0.0,0.0
302,2,1.0,0.0,0.07692307692307693,0.038461538461538464,0.07692307692307693
303,1,1.0,0.46153846153846156,0.46153846153846156,0.46153846153846156,0.46153846153846156
304,3,1.0,0.07692307692307693,0.6576923076923078,0.3666666666666667,0.07692307692307693
305,3,1.3333333333333333,0.0,0.5384615384615384,0.20512820512820512,0.5384615384615384
306,1,0.02560279458123882,0.0,0,0.0,0.0
307,3,0.8333333333333334,0.0,0.8392440892440894,0.35667110667110674,0.23076923076923078
308,3,1.1666666666666667,0.0,0.9102564102564104,0.4508547008547009,0.4423076923076923
309,0,0,1,0,0,0
310,1,1.0,0.23076923076923078,0.23076923076923078,0.23076923076923078,0.23076923076923078
311,3,1.3333333333333333,0.0,0.38461538461538464,0.15384615384615385,0.38461538461538464
312,1,0.02560279458123882,0.0,0,0.0,0.0
313,0,0,1,0,0,0
314,2,1.0,0.23076923076923078,0.9038461538461539,0.5673076923076923,0.9038461538461539
315,3,1.1666666666666667,0.0,0.6153846153846154,0.3525641025641026,0.4423076923076923
317,3,1.3333333333333333,0.0,0.9230769230769231,0.41424501424501425,0.9230769230769231
319,1,0.02560279458123882,0.0,0,0.0,0.0
320,0,0,1,0,0,0
321,2,1.0,0.0,0.9230769230769231,0.46153846153846156,0.9230769230769231
322,2,0.5714285714285714,0.0,0.8634615384615384,0.4317307692307692,0.8634615384615384
323,3,1.0,0.0,0.9230769230769231,0.6153846153846154,0.9230769230769231
324,2,1.0,0.0,0.9230769230769231,0.46153846153846156,0.9230769230769231
325,2,0.6,0.0,0.8392440892440894,0.4196220446220447,0.8392440892440894
326,1,1.0,0.9038461538461539,0.9038461538461539,0.9038461538461539,0.9038461538461539
327,2,0.8,0.0,0.5807692307692307,0.29038461538461535,0.5807692307692307
328,0,0,1,0,0,0
329,1,0.27205882352941174,0.31447963800904977,0.31447963800904977,0.31447963800904977,0.31447963800904977
330,2,1.0,0.0,0.23076923076923078,0.11538461538461539,0.23076923076923078
331,0,0,1,0,0,0
332,2,1.0,0.0,0.9230769230769231,0.46153846153846156,0.9230769230769231
333,2,1.0,0.0,0.9230769230769231,0.46153846153846156,0.9230769230769231
334,1,0.4444444444444444,0.693956043956044,0.693956043956044,0.693956043956044,0.693956043956044
335,1,0.02560279458123882,0.0,0,0.0,0.0
336,3,1.0,0.0,0.9038461538461539,0.4807692307692307,0.5384615384615384
337,3,1.0,0.0,0.9230769230769231,0.5064102564102564,0.5961538461538461
338,1,0.02560279458123882,0.0,0,0.0,0.0
339,1,0.02560279458123882,0.0,0,0.0,0.0
340,2,1.3333333333333333,0.0,0.38461538461538464,0.19230769230769232,0.38461538461538464
341,2,1.0,0.0,0.9230769230769231,0.46153846153846156,0.9230769230769231
342,1,1.0,0.4423076923076923,0.4423076923076923,0.4423076923076923,0.4423076923076923
343,0,0,1,0,0,0
344,0,0,1,0,0,0
346,0,0,1,0,0,0
347,2,0.8333333333333334,0.0,0.15384615384615385,0.07692307692307693,0.15384615384615385
348,1,1.0,0.46153846153846156,0.46153846153846156,0.46153846153846156,0.46153846153846156
349,1,1.3333333333333333,0.3076923076923077,0.3076923076923077,0.3076923076923077,0.3076923076923077
350,2,1.0,0.0,0.15384615384615385,0.07692307692307693,0.15384615384615385
351,0,0,1,0,0,0
352,2,1.0,0.0,0.6576923076923078,0.3288461538461539,0.6576923076923078
354,3,1.0,0.0,0.9230769230769231,0.5874403374403375,0.9230769230769231
356,1,0.6,0.8392440892440894,0.8392440892440894,0.8392440892440894,0.8392440892440894
357,3,0.9,0.0,0.6576923076923078,0.38846153846153847,0.5076923076923077
358,0,0,1,0,0,0
359,2,1.0,0.15384615384615385,0.3076923076923077,0.23076923076923078,0.15384615384615385
360,1,0.5,0.3196581196581197,0.3196581196581197,0.3196581196581197,0.3196581196581197
361,2,1.3333333333333333,0.8884615384615385,0.9038461538461539,0.8961538461538462,0.9038461538461539
362,0,0,1,0,0,0
363,0,0,1,0,0,0
364,1,1.0,0.9166666666666666,0.9166666666666666,0.9166666666666666,0.9166666666666666
365,0,0,1,0,0,0
366,0,0,1,0,0,0
367,4,1.0,0.07692307692307693,0.9038461538461539,0.5826923076923077,0.07692307692307693
368,2,0.3619047619047619,0.0,0.8441225441225443,0.42206127206127214,0.8441225441225443
369,1,1.0,0.3076923076923077,0.3076923076923077,0.3076923076923077,0.3076923076923077
370,1,0.02560279458123882,0.0,0,0.0,0.0
371,1,0.02560279458123882,0.0,0,0.0,0.0
372,1,0.02560279458123882,0.0,0,0.0,0.0
373,1,0.02560279458123882,0.0,0,0.0,0.0
374,1,0.02560279458123882,0.0,0,0.0,0.0
375,1,0.02560279458123882,0.0,0,0.0,0.0
376,2,1.6666666666666667,0.0,0.07692307692307693,0.038461538461538464,0.07692307692307693
378,3,1.3333333333333333,0.0,0.9230769230769231,0.33333333333333337,0.9230769230769231
379,4,1.0,0.3076923076923077,0.9230769230769231,0.664423076923077,0.5384615384615384
380,1,0.7222222222222222,0.7181013431013431,0.7181013431013431,0.7181013431013431,0.7181013431013431
381,2,0.5357142857142857,0.0,0.7074175824175823,0.3537087912087912,0.7074175824175823
382,0,0,1,0,0,0
383,2,0.8333333333333334,0.0,0.3076923076923077,0.15384615384615385,0.3076923076923077
384,4,1.0,0.0,0.4423076923076923,0.20842760180995473,0.4423076923076923
385,3,1.3333333333333333,0.15384615384615385,0.9038461538461539,0.6538461538461537,0.9038461538461539
387,0,0,1,0,0,0
388,2,1.0,0.0,0.6923076923076923,0.34615384615384615,0.6923076923076923
389,2,1.0,0.9038461538461539,0.9230769230769231,0.9134615384615385,0.9038461538461539
390,0,0,1,0,0,0
391,1,0.02560279458123882,0.0,0,0.0,0.0
392,1,0.02560279458123882,0.0,0,0.0,0.0
393,0,0,1,0,0,0
394,1,0.9,0.9230769230769231,0.9230769230769231,0.9230769230769231,0.9230769230769231
395,0,0,1,0,0,0
396,0,0,1,0,0,0
397,2,0.8,0.0,0.8884615384615385,0.44423076923076926,0.8884615384615385
398,1,0.02560279458123882,0.0,0,0.0,0.0
400,1,0.5714285714285714,0.8634615384615384,0.8634615384615384,0.8634615384615384,0.8634615384615384
401,2,0.7222222222222222,0.7181013431013431,0.8441225441225443,0.7811119436119437,0.7181013431013431
402,1,0.02560279458123882,0.0,0,0.0,0.0
403,2,1.0,0.0,0.6153846153846154,0.3076923076923077,0.6153846153846154
404,2,0.8,0.0,0.8974358974358974,0.4487179487179487,0.8974358974358974
405,2,1.0,0.0,0.9038461538461539,0.4519230769230769,0.9038461538461539
406,0,0,1,0,0,0
407,2,1.0,0.07692307692307693,0.3076923076923077,0.19230769230769232,0.3076923076923077
408,1,1.3333333333333333,0.15384615384615385,0.15384615384615385,0.15384615384615385,0.15384615384615385
409,3,1.0,0.0,0.8884615384615385,0.29615384615384616,0.0
410,1,0.02560279458123882,0.0,0,0.0,0.0
411,1,0.02560279458123882,0.0,0,0.0,0.0
412,2,1.1666666666666667,0.38461538461538464,0.9230769230769231,0.6538461538461539,0.9230769230769231
413,0,0,1,0,0,0
414,2,0.8333333333333334,0.0,0.3076923076923077,0.15384615384615385,0.3076923076923077
416,2,1.0,0.0,0.5384615384615384,0.2692307692307692,0.5384615384615384
417,0,0,1,0,0,0
418,1,0.02560279458123882,0.0,0,0.0,0.0
419,2,1.1666666666666667,0.4923076923076923,0.6923076923076923,0.5923076923076923,0.4923076923076923
420,1,0.02560279458123882,0.0,0,0.0,0.0
422,3,1.3333333333333333,0.23076923076923078,0.9166666666666666,0.561965811965812,0.5384615384615384
423,3,1.0,0.0,0.23076923076923078,0.10256410256410257,0.23076923076923078
424,0,0,1,0,0,0
425,1,0.02560279458123882,0.0,0,0.0,0.0
427,1,0.02560279458123882,0.0,0,0.0,0.0
428,0,0,1,0,0,0
429,1,1.5,0.75,0.75,0.75,0.75
430,3,1.0,0.0,0.8846153846153846,0.3996983408748115,0.8846153846153846
431,3,1.0,0.0,0.9230769230769231,0.33333333333333337,0.9230769230769231
432,2,1.0,0.0,0.15384615384615385,0.07692307692307693,0.15384615384615385
433,2,1.0,0.0,0.8958333333333334,0.4479166666666667,0.8958333333333334
434,0,0,1,0,0,0
435,3,1.0,0.46153846153846156,0.8392440892440894,0.6323121323121323,0.5961538461538461
436,1,1.0,0.9230769230769231,0.9230769230769231,0.9230769230769231,0.9230769230769231
437,0,0,1,0,0,0
438,1,0.3619047619047619,0.8441225441225443,0.8441225441225443,0.8441225441225443,0.8441225441225443
439,4,1.0,0.0,0.8441225441225443,0.298942723942724,0.23076923076923078
440,0,0,1,0,0,0
441,2,0.8333333333333334,0.0,0.3076923076923077,0.15384615384615385,0.3076923076923077
442,1,0.02560279458123882,0.0,0,0.0,0.0
443,2,0.8333333333333334,0.0,0.3076923076923077,0.15384615384615385,0.3076923076923077
444,2,1.0,0.0,0.6923076923076923,0.34615384615384615,0.6923076923076923
446,2,1.1666666666666667,0.0,0.28846153846153844,0.14423076923076922,0.28846153846153844
448,1,0.02560279458123882,0.0,0,0.0,0.0
449,3,1.1666666666666667,0.0,0.8884615384615385,0.4602564102564103,0.4923076923076923
450,2,1.3333333333333333,0.0,0.9230769230769231,0.46153846153846156,0.9230769230769231
451,4,1.0,0.0,0.9038461538461539,0.5865384615384616,0.7692307692307693
452,2,1.5,0.0,0.75,0.375,0.75
453,3,1.0,0.15384615384615385,0.6923076923076923,0.3868778280542986,0.6923076923076923
455,1,1.0,0.6153846153846154,0.6153846153846154,0.6153846153846154,0.6153846153846154
456,2,1.3333333333333333,0.3076923076923077,0.38461538461538464,0.34615384615384615,0.38461538461538464
458,0,0,1,0,0,0
459,2,1.0,0.0,0.7692307692307693,0.38461538461538464,0.7692307692307693
460,0,0,1,0,0,0
461,1,0.02560279458123882,0.0,0,0.0,0.0
462,2,1.0,0.15384615384615385,0.6153846153846154,0.38461538461538464,0.6153846153846154
463,2,1.0,0.0,0.3076923076923077,0.15384615384615385,0.3076923076923077
464,0,0,1,0,0,0
465,0,0,1,0,0,0
466,0,0,1,0,0,0
468,1,0.02560279458123882,0.0,0,0.0,0.0
470,1,0.02560279458123882,0.0,0,0.0,0.0
471,1,0.02560279458123882,0.0,0,0.0,0.0
472,1,0.02560279458123882,0.0,0,0.0,0.0
473,2,0.7142857142857143,0.0,0.17857142857142855,0.08928571428571427,0.17857142857142855
475,2,1.0,0.0,0,0.0,0.0
476,3,1.0,0.0,0.7692307692307693,0.4512820512820513,0.7692307692307693
477,3,1.0,0.0,0.8974358974358974,0.5555555555555556,0.7692307692307693
478,1,0.02560279458123882,0.0,0,0.0,0.0
479,0,0,1,0,0,0
480,1,1.0,0.46153846153846156,0.46153846153846156,0.46153846153846156,0.46153846153846156
481,4,1.0,0.0,0.23076923076923078,0.11538461538461539,0.23076923076923078
483,0,0,1,0,0,0
484,1,1.0,0.5192307692307693,0.5192307692307693,0.5192307692307693,0.5192307692307693
485,2,1.0,0.0,0.3076923076923077,0.15384615384615385,0.3076923076923077
486,1,1.0,0.36538461538461536,0.36538461538461536,0.36538461538461536,0.36538461538461536
487,0,0,1,0,0,0
488,0,0,1,0,0,0
489,2,0.7222222222222222,0.17857142857142855,0.7181013431013431,0.4483363858363858,0.7181013431013431
491,4,1.0,0.0,0.9230769230769231,0.5196428571428572,0.9230769230769231
492,1,0.8571428571428571,0.07692307692307693,0.07692307692307693,0.07692307692307693,0.07692307692307693
493,4,1.0,0.0,0.9038461538461539,0.4326923076923077,0.9038461538461539
494,2,1.0,0.0,0.46153846153846156,0.23076923076923078,0.46153846153846156
495,0,0,1,0,0,0
496,1,1.1666666666666667,0.28846153846153844,0.28846153846153844,0.28846153846153844,0.28846153846153844
497,0,0,1,0,0,0
498,4,1.0,0.0,0.8441225441225443,0.3167998667998668,0.0
499,0,0,1,0,0,0
500,3,1.1,0.7181013431013431,0.9166666666666666,0.8410765160765161,0.8884615384615385
501,0,0,1,0,0,0
502,1,0.8333333333333334,0.3076923076923077,0.3076923076923077,0.3076923076923077,0.3076923076923077
503,2,0.7,0.0,0.8884615384615385,0.44423076923076926,0.8884615384615385
504,3,1.0,0.07692307692307693,0.4423076923076923,0.1987179487179487,0.07692307692307693
505,2,1.0,0.07692307692307693,0.46153846153846156,0.2692307692307693,0.07692307692307693
507,2,1.0,0.0,0.3076923076923077,0.15384615384615385,0.3076923076923077
508,3,1.0,0.0,0.3076923076923077,0.10256410256410257,0.0
509,1,0.9,0.5076923076923077,0.5076923076923077,0.5076923076923077,0.5076923076923077
510,1,1.0,0.9230769230769231,0.9230769230769231,0.9230769230769231,0.9230769230769231
511,0,0,1,0,0,0
512,2,1.0,0.0,0.38461538461538464,0.19230769230769232,0.38461538461538464
513,1,1.3333333333333333,0.07692307692307693,0.07692307692307693,0.07692307692307693,0.07692307692307693
514,0,0,1,0,0,0
516,0,0,1,0,0,0
517,0,0,1,0,0,0
518,1,0.02560279458123882,0.0,0,0.0,0.0
519,0,0,1,0,0,0
520,1,0.02560279458123882,0.0,0,0.0,0.0
521,2,1.0,0.3076923076923077,0.693956043956044,0.5008241758241758,0.3076923076923077
523,0,0,1,0,0,0
525,1,0.02560279458123882,0.0,0,0.0,0.0
526,4,1.0,0.0,0.6576923076923078,0.2990384615384616,0.3076923076923077
528,3,1.3333333333333333,0.0,0.9230769230769231,0.4358974358974359,0.38461538461538464
529,1,0.02560279458123882,0.0,0,0.0,0.0
530,1,1.0,0.38461538461538464,0.38461538461538464,0.38461538461538464,0.38461538461538464
531,3,1.0,0.0,0.9230769230769231,0.6038461538461539,0.9230769230769231
532,0,0,1,0,0,0
533,1,1.0,0.6923076923076923,0.6923076923076923,0.6923076923076923,0.6923076923076923
534,3,1.0,0.0,0.9166666666666666,0.41038210155857213,0.9166666666666666
535,1,1.2,0.8884615384615385,0.8884615384615385,0.8884615384615385,0.8884615384615385
536,0,0,1,0,0,0
537,3,1.0,0.0,0.5961538461538461,0.22435897435897434,0.5961538461538461
538,1,0.02560279458123882,0.0,0,0.0,0.0
539,0,0,1,0,0,0
540,1,1.0,0.7692307692307693,0.7692307692307693,0.7692307692307693,0.7692307692307693
541,2,1.3333333333333333,0.0,0.23076923076923078,0.11538461538461539,0.23076923076923078
542,2,1.0,0.0,0.8846153846153846,0.4423076923076923,0.8846153846153846
543,3,1.0,0.0,0.38461538461538464,0.20512820512820515,0.38461538461538464
544,1,0.02560279458123882,0.0,0,0.0,0.0
545,0,0,1,0,0,0
546,4,1.3333333333333333,0.12087912087912088,0.9230769230769231,0.5302197802197802,0.9230769230769231
547,0,0,1,0,0,0
548,2,0.27205882352941174,0.0,0.31447963800904977,0.15723981900452488,0.31447963800904977
549,1,1.0,0.23076923076923078,0.23076923076923078,0.23076923076923078,0.23076923076923078
550,3,1.3333333333333333,0.0,0,0.0,0.0
551,2,0.6190476190476191,0.0,0.12087912087912088,0.06043956043956044,0.12087912087912088
552,2,0.8333333333333334,0.0,0.3076923076923077,0.15384615384615385,0.3076923076923077
553,2,0.27205882352941174,0.0,0.31447963800904977,0.15723981900452488,0.31447963800904977
555,3,1.0,0.0,0.23076923076923078,0.15384615384615385,0.23076923076923078
556,1,0.02560279458123882,0.0,0,0.0,0.0
557,1,0.02560279458123882,0.0,0,0.0,0.0
558,2,1.0,0.0,0.15384615384615385,0.07692307692307693,0.15384615384615385
559,4,1.0,0.0,0.9038461538461539,0.47545371295371297,0.9038461538461539
560,3,1.0,0.0,0.07692307692307693,0.05128205128205129,0.07692307692307693
561,3,1.3333333333333333,0.0,0.9166666666666666,0.5869297369297369,0.9166666666666666
562,3,1.0,0.0,0.6730769230769231,0.25,0.07692307692307693
563,1,1.0,0.15384615384615385,0.15384615384615385,0.15384615384615385,0.15384615384615385
564,1,0.02560279458123882,0.0,0,0.0,0.0
565,0,0,1,0,0,0
567,1,1.0,0.36538461538461536,0.36538461538461536,0.36538461538461536,0.36538461538461536
569,3,1.0,0.0,0.7074175824175823,0.2614468864468864,0.07692307692307693
570,1,1.0,0.0,0,0.0,0.0
571,1,1.0,0.36538461538461536,0.36538461538461536,0.36538461538461536,0.36538461538461536
573,0,0,1,0,0,0
574,0,0,1,0,0,0
575,0,0,1,0,0,0
576,0,0,1,0,0,0
577,2,1.0,0.15384615384615385,0.23076923076923078,0.19230769230769232,0.23076923076923078
578,3,1.0,0.0,0.8958333333333334,0.32425213675213677,0.07692307692307693
579,0,0,1,0,0,0
580,0,0,1,0,0,0
581,2,0.5714285714285714,0.0,0.8634615384615384,0.4317307692307692,0.8634615384615384
582,3,1.0,0.0,0.46153846153846156,0.20512820512820515,0.46153846153846156
583,1,0.8666666666666667,0.9102564102564104,0.9102564102564104,0.9102564102564104,0.9102564102564104
584,0,0,1,0,0,0
587,3,1.1666666666666667,0.0,0.4923076923076923,0.26666666666666666,0.4923076923076923
588,1,1.0,0.057692307692307696,0.057692307692307696,0.057692307692307696,0.057692307692307696
590,0,0,1,0,0,0
591,0,0,1,0,0,0
592,2,1.1666666666666667,0.9038461538461539,0.9230769230769231,0.9134615384615385,0.9038461538461539
593,2,1.0,0.0,0.46153846153846156,0.23076923076923078,0.46153846153846156
594,2,1.6666666666666667,0.07692307692307693,0.7692307692307693,0.42307692307692313,0.07692307692307693
595,1,0.02560279458123882,0.0,0,0.0,0.0
596,2,1.0,0.0,0.8958333333333334,0.4479166666666667,0.8958333333333334
597,1,1.0,0.0,0,0.0,0.0
598,2,1.0,0.0,0.38461538461538464,0.19230769230769232,0.38461538461538464
599,1,1.0,0.38461538461538464,0.38461538461538464,0.38461538461538464,0.38461538461538464
600,0,0,1,0,0,0
602,1,0.02560279458123882,0.0,0,0.0,0.0
603,3,1.3333333333333333,0.057692307692307696,0.46153846153846156,0.22435897435897437,0.15384615384615385
604,0,0,1,0,0,0
605,4,1.0,0.0,0.9230769230769231,0.4951923076923077,0.15384615384615385
606,0,0,1,0,0,0
607,4,1.0,0.07692307692307693,0.8846153846153846,0.588179181929182,0.8846153846153846
608,0,0,1,0,0,0
610,0,0,1,0,0,0
611,2,1.0,0.07692307692307693,0.9230769230769231,0.5,0.9230769230769231
613,1,0.8333333333333334,0.15384615384615385,0.15384615384615385,0.15384615384615385,0.15384615384615385
614,2,1.0,0.0,0.07692307692307693,0.038461538461538464,0.07692307692307693
615,0,0,1,0,0,0
616,3,1.0,0.0,0.8884615384615385,0.29615384615384616,0.0
617,5,1.0,0.0,0.9166666666666666,0.34487179487179487,0.9166666666666666
618,2,1.3333333333333333,0.38461538461538464,0.46153846153846156,0.42307692307692313,0.38461538461538464
619,1,1.3333333333333333,0.15384615384615385,0.15384615384615385,0.15384615384615385,0.15384615384615385
620,3,1.0,0.0,0.9038461538461539,0.5,0.5961538461538461
621,1,1.0,0.3076923076923077,0.3076923076923077,0.3076923076923077,0.3076923076923077
622,1,0.02560279458123882,0.0,0,0.0,0.0
623,2,0.8333333333333334,0.0,0.07692307692307693,0.038461538461538464,0.07692307692307693
624,1,0.8333333333333334,0.4423076923076923,0.4423076923076923,0.4423076923076923,0.4423076923076923
625,0,0,1,0,0,0
627,1,1.0,0.3076923076923077,0.3076923076923077,0.3076923076923077,0.3076923076923077
628,2,1.0,0.0,0.46153846153846156,0.23076923076923078,0.46153846153846156
629,1,1.3333333333333333,0.15384615384615385,0.15384615384615385,0.15384615384615385,0.15384615384615385
630,0,0,1,0,0,0
631,0,0,1,0,0,0
632,1,0.02560279458123882,0.0,0,0.0,0.0
633,0,0,1,0,0,0
634,1,0.02560279458123882,0.0,0,0.0,0.0
635,0,0,1,0,0,0
636,5,1.1666666666666667,0.0,0.9230769230769231,0.39615384615384613,0.28846153846153844
637,4,1.0,0.0,0.9166666666666666,0.35416666666666663,0.057692307692307696
638,0,0,1,0,0,0
639,1,1.0,0.6576923076923078,0.6576923076923078,0.6576923076923078,0.6576923076923078
640,4,1.0,0.0,0.9230769230769231,0.4153846153846154,0.9230769230769231
641,1,0.02560279458123882,0.0,0,0.0,0.0
642,0,0,1,0,0,0
643,3,1.0,0.15384615384615385,0.7692307692307693,0.38461538461538464,0.7692307692307693
644,1,0.02560279458123882,0.0,0,0.0,0.0
645,0,0,1,0,0,0
646,0,0,1,0,0,0
647,0,0,1,0,0,0
648,2,1.0,0.0,0.057692307692307696,0.028846153846153848,0.057692307692307696
649,1,0.02560279458123882,0.0,0,0.0,0.0
650,1,0.3619047619047619,0.8441225441225443,0.8441225441225443,0.8441225441225443,0.8441225441225443
651,1,0.02560279458123882,0.0,0,0.0,0.0
652,0,0,1,0,0,0
653,4,1.0,0.0,0.5384615384615384,0.2596153846153846,0.5384615384615384
654,1,0.8,0.5807692307692307,0.5807692307692307,0.5807692307692307,0.5807692307692307
659,0,0,1,0,0,0
660,1,0.02560279458123882,0.0,0,0.0,0.0
661,0,0,1,0,0,0
662,2,1.0,0.07692307692307693,0.5961538461538461,0.33653846153846156,0.5961538461538461
663,3,1.1666666666666667,0.0,0.9230769230769231,0.4102564102564103,0.9230769230769231
664,0,0,1,0,0,0
665,0,0,1,0,0,0
666,2,1.0,0.0,0.5961538461538461,0.2980769230769231,0.5961538461538461
668,2,1.0,0.0,0.15384615384615385,0.07692307692307693,0.15384615384615385
669,1,0.02560279458123882,0.0,0,0.0,0.0
670,0,0,1,0,0,0
671,2,0.8,0.12087912087912088,0.5846153846153845,0.3527472527472527,0.5846153846153845
672,0,0,1,0,0,0
673,1,0.02560279458123882,0.0,0,0.0,0.0
674,2,1.0,0.6153846153846154,0.7181013431013431,0.6667429792429793,0.6153846153846154
675,4,1.0,0.3076923076923077,0.7692307692307693,0.6157967032967033,0.7692307692307693
677,2,1.1666666666666667,0.28846153846153844,0.3076923076923077,0.2980769230769231,0.28846153846153844
678,1,0.02560279458123882,0.0,0,0.0,0.0
679,2,1.0,0.15384615384615385,0.5961538461538461,0.375,0.5961538461538461
680,1,0.02560279458123882,0.0,0,0.0,0.0
681,1,0.6,0.8392440892440894,0.8392440892440894,0.8392440892440894,0.8392440892440894
682,2,1.0,0.23076923076923078,0.9102564102564104,0.5705128205128206,0.23076923076923078
683,1,0.6,0.8392440892440894,0.8392440892440894,0.8392440892440894,0.8392440892440894
684,0,0,1,0,0,0
685,1,0.02560279458123882,0.0,0,0.0,0.0
686,2,1.3333333333333333,0.0,0.9038461538461539,0.4519230769230769,0.9038461538461539
687,0,0,1,0,0,0
688,2,1.0,0.3196581196581197,0.9038461538461539,0.6117521367521368,0.9038461538461539
689,0,0,1,0,0,0
690,0,0,1,0,0,0
691,0,0,1,0,0,0
692,1,0.02560279458123882,0.0,0,0.0,0.0
693,0,0,1,0,0,0
694,3,1.0,0.0,0.31447963800904977,0.1048265460030166,0.0
695,1,0.5357142857142857,0.7074175824175823,0.7074175824175823,0.7074175824175823,0.7074175824175823
696,2,1.0,0.31447963800904977,0.9230769230769231,0.6187782805429864,0.9230769230769231
697,1,0.02560279458123882,0.0,0,0.0,0.0
698,0,0,1,0,0,0
699,4,1.3333333333333333,0.0,0.9038461538461539,0.4134615384615385,0.3076923076923077
700,0,0,1,0,0,0
701,1,0.02560279458123882,0.0,0,0.0,0.0
702,1,0.3619047619047619,0.8441225441225443,0.8441225441225443,0.8441225441225443,0.8441225441225443
704,0,0,1,0,0,0
705,0,0,1,0,0,0
706,5,1.2,0.3076923076923077,0.9102564102564104,0.5528205128205128,0.7346153846153847
707,2,1.0,0.0,0.46153846153846156,0.23076923076923078,0.46153846153846156
708,1,1.3333333333333333,0.38461538461538464,0.38461538461538464,0.38461538461538464,0.38461538461538464
709,0,0,1,0,0,0
710,0,0,1,0,0,0
711,1,0.02560279458123882,0.0,0,0.0,0.0
712,2,1.0,0.0,0.15384615384615385,0.07692307692307693,0.15384615384615385
713,0,0,1,0,0,0
715,1,1.0,0.3076923076923077,0.3076923076923077,0.3076923076923077,0.3076923076923077
716,0,0,1,0,0,0
717,3,1.0,0.0,0.8884615384615385,0.3474358974358974,0.15384615384615385
718,2,1.3333333333333333,0.0,0.15384615384615385,0.07692307692307693,0.15384615384615385
719,1,1.0,0.23076923076923078,0.23076923076923078,0.23076923076923078,0.23076923076923078
720,2,1.0,0.15384615384615385,0.7074175824175823,0.4306318681318681,0.15384615384615385
721,2,1.0,0.0,0.07692307692307693,0.038461538461538464,0.07692307692307693
722,0,0,1,0,0,0
723,3,1.1,0.15384615384615385,0.8884615384615385,0.5461538461538462,0.8884615384615385
724,4,1.0,0.15384615384615385,0.9166666666666666,0.5282051282051281,0.46153846153846156
725,0,0,1,0,0,0
726,2,1.1666666666666667,0.0,0.9038461538461539,0.4519230769230769,0.9038461538461539
727,1,0.02560279458123882,0.0,0,0.0,0.0
728,0,0,1,0,0,0
730,1,1.0,0.36538461538461536,0.36538461538461536,0.36538461538461536,0.36538461538461536
731,1,1.0,0.15384615384615385,0.15384615384615385,0.15384615384615385,0.15384615384615385
732,1,1.3333333333333333,0.15384615384615385,0.15384615384615385,0.15384615384615385,0.15384615384615385
733,0,0,1,0,0,0
734,2,1.0,0.9230769230769231,0.9230769230769231,0.9230769230769231,0.9230769230769231
735,3,1.0,0.0,0.9230769230769231,0.5384615384615384,0.9230769230769231
736,2,1.0,0.0,0.46153846153846156,0.23076923076923078,0.46153846153846156
738,0,0,1,0,0,0
739,0,0,1,0,0,0
740,1,0.02560279458123882,0.0,0,0.0,0.0
741,2,1.0,0.0,0.15384615384615385,0.07692307692307693,0.15384615384615385
742,3,1.3333333333333333,0.0,0.3196581196581197,0.20911680911680913,0.3076923076923077
743,0,0,1,0,0,0
744,1,0.02560279458123882,0.0,0,0.0,0.0
745,2,1.0,0.0,0.23076923076923078,0.11538461538461539,0.23076923076923078
746,4,1.1,0.0,0.8884615384615385,0.44423076923076926,0.8884615384615385
747,0,0,1,0,0,0
748,3,1.1,0.31447963800904977,0.8884615384615385,0.6823545735310441,0.8884615384615385
749,1,0.02560279458123882,0.0,0,0.0,0.0
750,1,1.0,0.23076923076923078,0.23076923076923078,0.23076923076923078,0.23076923076923078
751,3,1.0,0.0,0.9230769230769231,0.38461538461538464,0.23076923076923078
752,1,0.8,0.4269230769230769,0.4269230769230769,0.4269230769230769,0.4269230769230769
753,0,0,1,0,0,0
754,1,0.02560279458123882,0.0,0,0.0,0.0
755,0,0,1,0,0,0
756,2,0.8,0.0,0.8884615384615385,0.44423076923076926,0.8884615384615385
757,0,0,1,0,0,0
759,1,0.02560279458123882,0.0,0,0.0,0.0
760,0,0,1,0,0,0
761,1,0.02560279458123882,0.0,0,0.0,0.0
762,0,0,1,0,0,0
763,0,0,1,0,0,0
764,0,0,1,0,0,0
765,0,0,1,0,0,0
766,0,0,1,0,0,0
767,1,1.0,0.6153846153846154,0.6153846153846154,0.6153846153846154,0.6153846153846154
768,2,1.0,0.0,0,0.0,0.0
769,1,0.02560279458123882,0.0,0,0.0,0.0
770,0,0,1,0,0,0
771,1,0.02560279458123882,0.0,0,0.0,0.0
772,0,0,1,0,0,0
773,0,0,1,0,0,0
775,2,1.0,0.0,0.15384615384615385,0.07692307692307693,0.0
776,0,0,1,0,0,0
777,2,0.8,0.0,0.5807692307692307,0.29038461538461535,0.5807692307692307
778,0,0,1,0,0,0
779,3,1.3333333333333333,0.0,0.7692307692307693,0.4358974358974359,0.5384615384615384
781,0,0,1,0,0,0
782,1,0.02560279458123882,0.0,0,0.0,0.0
783,1,1.2,0.8884615384615385,0.8884615384615385,0.8884615384615385,0.8884615384615385
784,3,1.0,0.15384615384615385,0.9230769230769231,0.46153846153846156,0.3076923076923077
785,0,0,1,0,0,0
787,3,1.0,0.12087912087912088,0.7074175824175823,0.353021978021978,0.23076923076923078
788,0,0,1,0,0,0
789,2,0.4444444444444444,0.0,0.693956043956044,0.346978021978022,0.693956043956044
790,2,0.4444444444444444,0.0,0.693956043956044,0.346978021978022,0.693956043956044
791,0,0,1,0,0,0
792,0,0,1,0,0,0
793,2,1.0,0.07692307692307693,0.6153846153846154,0.34615384615384615,0.6153846153846154
794,2,1.0,0.0,0.46153846153846156,0.23076923076923078,0.46153846153846156
795,1,1.0,0.0,0,0.0,0.0
796,0,0,1,0,0,0
797,1,1.0,0.23076923076923078,0.23076923076923078,0.23076923076923078,0.23076923076923078
798,1,0.8666666666666667,0.9102564102564104,0.9102564102564104,0.9102564102564104,0.9102564102564104
799,2,1.0,0.4269230769230769,0.6923076923076923,0.5596153846153846,0.6923076923076923
800,1,1.0,0.15384615384615385,0.15384615384615385,0.15384615384615385,0.15384615384615385
801,1,1.0,0.23076923076923078,0.23076923076923078,0.23076923076923078,0.23076923076923078
802,1,1.0,0.9038461538461539,0.9038461538461539,0.9038461538461539,0.9038461538461539
804,1,1.0,0.6153846153846154,0.6153846153846154,0.6153846153846154,0.6153846153846154
805,2,0.6190476190476191,0.0,0.12087912087912088,0.06043956043956044,0.12087912087912088
806,0,0,1,0,0,0
808,0,0,1,0,0,0
809,4,1.2,0.0,0.8884615384615385,0.3375,0.8884615384615385
811,1,0.02560279458123882,0.0,0,0.0,0.0
812,0,0,1,0,0,0
813,1,0.9,0.9230769230769231,0.9230769230769231,0.9230769230769231,0.9230769230769231
814,1,0.02560279458123882,0.0,0,0.0,0.0
815,1,1.0,0.6923076923076923,0.6923076923076923,0.6923076923076923,0.6923076923076923
816,1,1.0,0.6153846153846154,0.6153846153846154,0.6153846153846154,0.6153846153846154
817,0,0,1,0,0,0
818,2,1.0,0.15384615384615385,0.31447963800904977,0.2341628959276018,0.15384615384615385
819,0,0,1,0,0,0
820,2,1.0,0.0,0.9230769230769231,0.46153846153846156,0.9230769230769231
821,3,1.3333333333333333,0.0,0.6153846153846154,0.28205128205128205,0.23076923076923078
822,2,1.0,0.0,0.23076923076923078,0.11538461538461539,0.23076923076923078
823,2,1.0,0.38461538461538464,0.6576923076923078,0.5211538461538462,0.38461538461538464
824,2,1.0,0.0,0,0.0,0.0
825,2,1.0,0.0,0.6576923076923078,0.3288461538461539,0.6576923076923078
826,2,1.0,0.0,0.9230769230769231,0.46153846153846156,0.9230769230769231
827,2,0.5357142857142857,0.0,0.7074175824175823,0.3537087912087912,0.7074175824175823
829,3,1.0,0.07692307692307693,0.46153846153846156,0.28205128205128205,0.46153846153846156
830,1,0.02560279458123882,0.0,0,0.0,0.0
831,0,0,1,0,0,0
832,3,1.3333333333333333,0.21153846153846154,0.9166666666666666,0.6722222222222223,0.9166666666666666
833,3,1.0,0.0,0.8392440892440894,0.3053890553890555,0.07692307692307693
834,3,1.2,0.0,0.8884615384615385,0.39871794871794874,0.8884615384615385
835,1,0.02560279458123882,0.0,0,0.0,0.0
836,1,1.3333333333333333,0.0,0,0.0,0.0
837,2,1.0,0.0,0.15384615384615385,0.07692307692307693,0.15384615384615385
838,0,0,1,0,0,0
839,1,0.02560279458123882,0.0,0,0.0,0.0
840,2,1.0,0.0,0,0.0,0.0
843,3,1.0,0.0,0.6923076923076923,0.2564102564102564,0.07692307692307693
844,1,1.0,0.9166666666666666,0.9166666666666666,0.9166666666666666,0.9166666666666666
845,0,0,1,0,0,0
847,2,1.0,0.0,0.9230769230769231,0.46153846153846156,0.9230769230769231
849,1,1.0,0.0,0,0.0,0.0
850,1,0.02560279458123882,0.0,0,0.0,0.0
851,2,1.0,0.0,0.4423076923076923,0.22115384615384615,0.4423076923076923
852,1,1.0,0.36538461538461536,0.36538461538461536,0.36538461538461536,0.36538461538461536
853,0,0,1,0,0,0
854,0,0,1,0,0,0
855,1,1.3333333333333333,0.9230769230769231,0.9230769230769231,0.9230769230769231,0.9230769230769231
856,2,1.3333333333333333,0.23076923076923078,0.4923076923076923,0.36153846153846153,0.23076923076923078
857,0,0,1,0,0,0
858,2,1.3333333333333333,0.0,0.15384615384615385,0.07692307692307693,0.15384615384615385
859,1,1.0,0.0,0,0.0,0.0
860,1,0.02560279458123882,0.0,0,0.0,0.0
861,1,0.02560279458123882,0.0,0,0.0,0.0
862,0,0,1,0,0,0
863,0,0,1,0,0,0
864,1,0.02560279458123882,0.0,0,0.0,0.0
866,1,0.7222222222222222,0.7181013431013431,0.7181013431013431,0.7181013431013431,0.7181013431013431
867,0,0,1,0,0,0
868,0,0,1,0,0,0
870,0,0,1,0,0,0
871,2,1.2,0.7346153846153847,0.9230769230769231,0.8288461538461539,0.7346153846153847
873,1,1.0,0.5192307692307693,0.5192307692307693,0.5192307692307693,0.5192307692307693
874,3,1.6666666666666667,0.4423076923076923,0.9038461538461539,0.6794871794871794,0.4423076923076923
875,0,0,1,0,0,0
876,0,0,1,0,0,0
877,1,0.02560279458123882,0.0,0,0.0,0.0
878,0,0,1,0,0,0
879,0,0,1,0,0,0
880,1,0.8,0.8884615384615385,0.8884615384615385,0.8884615384615385,0.8884615384615385
881,0,0,1,0,0,0
882,3,1.3333333333333333,0.0,0.7346153846153847,0.4243589743589744,0.5384615384615384
883,0,0,1,0,0,0
884,0,0,1,0,0,0
885,1,0.02560279458123882,0.0,0,0.0,0.0
886,3,1.3333333333333333,0.0,0.9230769230769231,0.33333333333333337,0.07692307692307693
887,0,0,1,0,0,0
888,0,0,1,0,0,0
889,0,0,1,0,0,0
890,0,0,1,0,0,0
891,0,0,1,0,0,0
892,1,0.5714285714285714,0.8634615384615384,0.8634615384615384,0.8634615384615384,0.8634615384615384
893,0,0,1,0,0,0
894,1,0.02560279458123882,0.0,0,0.0,0.0
895,1,1.0,0.9038461538461539,0.9038461538461539,0.9038461538461539,0.9038461538461539
896,0,0,1,0,0,0
897,0,0,1,0,0,0
898,1,0.02560279458123882,0.0,0,0.0,0.0
899,1,1.0,0.07692307692307693,0.07692307692307693,0.07692307692307693,0.07692307692307693
900,1,1.0,0.46153846153846156,0.46153846153846156,0.46153846153846156,0.46153846153846156
901,0,0,1,0,0,0
902,1,1.0,0.9230769230769231,0.9230769230769231,0.9230769230769231,0.9230769230769231
903,0,0,1,0,0,0
904,0,0,1,0,0,0
905,0,0,1,0,0,0
906,1,0.02560279458123882,0.0,0,0.0,0.0
907,0,0,1,0,0,0
908,0,0,1,0,0,0
909,1,0.02560279458123882,0.0,0,0.0,0.0
910,1,0.02560279458123882,0.0,0,0.0,0.0
911,1,0.02560279458123882,0.0,0,0.0,0.0
912,0,0,1,0,0,0
913,1,1.0,0.46153846153846156,0.46153846153846156,0.46153846153846156,0.46153846153846156
914,2,1.3333333333333333,0.0,0.9038461538461539,0.4519230769230769,0.9038461538461539
915,1,1.0,0.9166666666666666,0.9166666666666666,0.9166666666666666,0.9166666666666666
916,1,0.02560279458123882,0.0,0,0.0,0.0
917,1,1.0,0.21153846153846154,0.21153846153846154,0.21153846153846154,0.21153846153846154
918,2,1.0,0.4423076923076923,0.5846153846153845,0.5134615384615384,0.4423076923076923
919,2,1.0,0.0,0.07692307692307693,0.038461538461538464,0.07692307692307693
920,0,0,1,0,0,0
921,0,0,1,0,0,0
922,0,0,1,0,0,0
923,0,0,1,0,0,0
924,0,0,1,0,0,0
925,2,1.0,0.693956043956044,0.9230769230769231,0.8085164835164835,0.9230769230769231
926,2,1.0,0.0,0.6576923076923078,0.3288461538461539,0.6576923076923078
927,0,0,1,0,0,0
928,0,0,1,0,0,0
929,0,0,1,0,0,0
931,0,0,1,0,0,0
932,0,0,1,0,0,0
934,1,0.02560279458123882,0.0,0,0.0,0.0
935,0,0,1,0,0,0
936,1,1.0,0.46153846153846156,0.46153846153846156,0.46153846153846156,0.46153846153846156
937,1,1.0,0.15384615384615385,0.15384615384615385,0.15384615384615385,0.15384615384615385
938,0,0,1,0,0,0
939,0,0,1,0,0,0
941,1,0.27205882352941174,0.31447963800904977,0.31447963800904977,0.31447963800904977,0.31447963800904977
942,0,0,1,0,0,0
943,0,0,1,0,0,0
944,1,1.0,0.46153846153846156,0.46153846153846156,0.46153846153846156,0.46153846153846156
945,1,0.7222222222222222,0.7181013431013431,0.7181013431013431,0.7181013431013431,0.7181013431013431
946,2,0.27205882352941174,0.0,0.31447963800904977,0.15723981900452488,0.31447963800904977
947,1,1.0,0.6923076923076923,0.6923076923076923,0.6923076923076923,0.6923076923076923
948,0,0,1,0,0,0
949,0,0,1,0,0,0
950,0,0,1,0,0,0
951,2,1.0,0.07692307692307693,0.4423076923076923,0.2596153846153846,0.07692307692307693
952,1,0.02560279458123882,0.0,0,0.0,0.0
953,2,1.0,0.0,0.6153846153846154,0.3076923076923077,0.6153846153846154
954,0,0,1,0,0,0
955,0,0,1,0,0,0
956,0,0,1,0,0,0
957,2,1.0,0.0,0.15384615384615385,0.07692307692307693,0.15384615384615385
958,0,0,1,0,0,0
959,2,1.0,0.0,0.3076923076923077,0.15384615384615385,0.3076923076923077
960,3,1.0,0.0,0.9230769230769231,0.5390109890109891,0.9230769230769231
963,0,0,1,0,0,0
964,1,1.0,0.46153846153846156,0.46153846153846156,0.46153846153846156,0.46153846153846156
965,0,0,1,0,0,0
966,1,1.0,0.5192307692307693,0.5192307692307693,0.5192307692307693,0.5192307692307693
967,0,0,1,0,0,0
968,1,0.02560279458123882,0.0,0,0.0,0.0
969,0,0,1,0,0,0
970,2,1.0,0.0,0.9038461538461539,0.4519230769230769,0.9038461538461539
971,2,1.0,0.46153846153846156,0.9038461538461539,0.6826923076923077,0.46153846153846156
973,1,0.02560279458123882,0.0,0,0.0,0.0
974,0,0,1,0,0,0
976,3,1.0,0.0,0.23076923076923078,0.11721611721611722,0.23076923076923078
977,0,0,1,0,0,0
978,1,0.3619047619047619,0.8441225441225443,0.8441225441225443,0.8441225441225443,0.8441225441225443
979,1,0.02560279458123882,0.0,0,0.0,0.0
980,0,0,1,0,0,0
982,1,1.0,0.46153846153846156,0.46153846153846156,0.46153846153846156,0.46153846153846156
983,1,0.02560279458123882,0.0,0,0.0,0.0
984,0,0,1,0,0,0
985,0,0,1,0,0,0
986,1,1.0,0.28846153846153844,0.28846153846153844,0.28846153846153844,0.28846153846153844
987,1,1.0,0.23076923076923078,0.23076923076923078,0.23076923076923078,0.23076923076923078
988,0,0,1,0,0,0
989,0,0,1,0,0,0
990,1,0.02560279458123882,0.0,0,0.0,0.0
991,0,0,1,0,0,0
992,1,1.0,0.9230769230769231,0.9230769230769231,0.9230769230769231,0.9230769230769231
993,0,0,1,0,0,0
994,2,1.0,0.0,0.1346153846153846,0.0673076923076923,0.1346153846153846
995,1,1.0,0.9230769230769231,0.9230769230769231,0.9230769230769231,0.9230769230769231
996,0,0,1,0,0,0
997,1,1.0,0.07692307692307693,0.07692307692307693,0.07692307692307693,0.07692307692307693
998,2,1.0,0.0,0.9230769230769231,0.46153846153846156,0.9230769230769231
999,2,1.0,0.0,0.07692307692307693,0.038461538461538464,0.07692307692307693
1000,0,0,1,0,0,0
